,ticker,esg_rating,carbon_intensity,quality_score,quality_score_qtl,carbon_intensity_qtl,grade
0,SPY,A,122.31,6.68,Q3,Q2,A
1,IVV,A,122.41,6.68,Q3,Q2,A
2,VOO,A,122.47,6.68,Q3,Q2,A
3,VTI,A,122.61,6.52,Q3,Q2,A
4,QQQ,A,47.01,6.71,Q3,Q1,A
5,VEA,AA,126.17,7.41,Q4,Q2,A
6,VTV,A,213.73,6.5,Q3,Q3,A
7,IEFA,AA,108.58,7.53,Q4,Q2,A
8,BND,A,269.7,6.08,Q2,Q4,A
9,AGG,A,278.45,6.07,Q2,Q4,A
10,VUG,A,44.04,6.75,Q3,Q1,A
11,VWO,BBB,382.94,5.35,Q1,Q4,B
12,IEMG,BBB,339.37,5.37,Q1,Q4,B
13,IJH,A,153.69,5.89,Q2,Q3,A
14,IJR,BBB,105.74,5.37,Q1,Q2,A
15,IWF,A,42.68,6.94,Q4,Q1,A
16,VIG,A,134.33,6.92,Q4,Q3,A
17,VXUS,A,187.61,6.93,Q4,Q3,A
18,GLD,,,,Q4,Q4,A
19,VO,A,212.03,6.44,Q3,Q3,A
20,IWM,BBB,143.48,5.2,Q1,Q3,A
21,VGT,AA,21.22,7.32,Q4,Q1,A
22,IWD,A,211.1,6.2,Q2,Q3,A
23,XLK,AA,22.44,7.57,Q4,Q1,A
24,BNDX,A,79.52,6.52,Q3,Q2,B
25,EFA,AA,101.28,7.71,Q4,Q2,A
26,VYM,A,257.77,6.7,Q3,Q4,A
27,SCHD,AA,68.29,7.16,Q4,Q2,A
28,VB,A,136.87,5.71,Q1,Q3,A
29,ITOT,A,121.05,6.53,Q3,Q2,A
30,RSP,A,219.68,6.69,Q3,Q3,A
31,TLT,A,,5.72,Q1,Q4,
32,XLV,A,12.87,7.01,Q4,Q1,A
33,VCIT,A,256.48,6.58,Q3,Q4,A
34,LQD,A,150.35,6.6,Q3,Q3,A
35,XLF,A,39.57,5.98,Q2,Q1,A
36,VEU,A,184.53,7.02,Q4,Q3,B
37,VCSH,A,175.35,6.68,Q3,Q3,A
38,XLE,A,378.94,6.26,Q2,Q4,A
39,IVW,A,71.57,6.82,Q3,Q2,A
40,SCHX,A,120.06,6.63,Q3,Q2,A
41,VNQ,A,83.81,6.13,Q2,Q2,A
42,BSV,A,149.58,6.1,Q2,Q3,A
43,MUB,,,,Q4,Q4,A
44,IXUS,A,184.83,6.93,Q4,Q3,A
45,SCHF,AA,123.77,7.54,Q4,Q2,A
46,IWB,A,121.11,6.59,Q3,Q2,A
47,QUAL,A,56.1,6.91,Q4,Q1,A
48,DIA,A,31.18,7.13,Q4,Q1,A
49,IWR,A,190.53,6.37,Q2,Q3,A
50,USMV,A,294.16,6.92,Q4,Q4,A
51,VT,A,147.37,6.7,Q3,Q3,A
52,IEF,A,,5.72,Q1,Q4,B
53,VV,A,120.89,6.64,Q3,Q2,A
54,JEPI,A,233.47,7.04,Q4,Q3,A
55,VTEB,,,,Q4,Q4,A
56,IAU,,,,Q4,Q4,A
57,BIL,BBB,1.6,5.71,Q1,Q1,A
58,MBB,,,,Q4,Q4,A
59,IVE,A,182.65,6.52,Q3,Q3,A
60,SHY,A,,5.72,Q1,Q4,A
61,VBR,A,181.68,5.78,Q2,Q3,A
62,DGRO,A,220.47,6.89,Q4,Q3,A
63,GOVT,A,,5.72,Q1,Q4,
64,EEM,BBB,321.57,5.54,Q1,Q4,C
65,SCHB,A,121.14,6.53,Q3,Q2,A
66,JPST,AA,107.88,7.32,Q4,Q2,A
67,IGSB,A,203.14,6.69,Q3,Q3,A
68,SDY,A,245.44,6.65,Q3,Q4,A
69,VGSH,A,,5.72,Q1,Q4,A
70,IUSB,A,297.16,5.95,Q2,Q4,A
71,TIP,A,,5.72,Q1,Q4,A
72,DFAC,A,128.75,6.43,Q3,Q2,A
73,SHV,A,,5.72,Q1,Q4,A
74,DVY,A,612.61,6.71,Q3,Q4,A
75,MDY,A,153.53,5.89,Q2,Q3,A
76,SCHG,A,36.12,6.69,Q3,Q1,A
77,SPLG,A,122.1,6.69,Q3,Q2,A
78,TQQQ,A,47.01,6.25,Q2,Q1,
79,VGK,AA,93.8,7.82,Q4,Q2,A
80,SPYG,A,71.56,6.82,Q3,Q2,A
81,ACWI,A,141.72,6.82,Q3,Q3,A
82,XLP,AA,46.03,7.29,Q4,Q1,A
83,VHT,A,15.32,6.83,Q4,Q1,A
84,XLY,A,72.41,6.36,Q2,Q2,A
85,USFR,,,,Q4,Q4,A
86,VOE,A,326.22,6.57,Q3,Q4,A
87,SPDW,AA,129.31,7.44,Q4,Q2,A
88,SPYV,A,182.52,6.53,Q3,Q3,A
89,EFV,AA,148.97,7.47,Q4,Q3,A
90,VXF,BBB,113.81,5.57,Q1,Q2,A
91,VMBS,,,,Q4,Q4,A
92,XLU,A,,7.04,Q4,Q4,A
93,XLI,A,119.24,6.85,Q4,Q2,A
94,EMB,BB,,3.98,Q1,Q4,B
95,BIV,A,247.47,6.11,Q2,Q4,A
96,VGIT,A,,5.72,Q1,Q4,A
97,HYG,BBB,280.68,5.26,Q1,Q4,B
98,SCHA,BBB,133.65,5.39,Q1,Q3,A
99,VBK,BBB,79.3,5.62,Q1,Q2,A
100,IUSV,A,180.67,6.48,Q3,Q3,A
101,MGK,A,35.4,6.81,Q3,Q1,A
102,QQQM,A,47.0,6.71,Q3,Q1,A
103,VTIP,A,,5.72,Q1,Q4,A
104,COWZ,A,233.72,6.54,Q3,Q3,A
105,XLC,BB,9.73,4.14,Q1,Q1,A
106,IUSG,A,76.16,6.78,Q3,Q2,A
107,IWP,A,81.31,6.5,Q3,Q2,A
108,ESGU,AA,75.24,7.35,Q4,Q2,A
109,EWJ,AA,77.78,7.34,Q4,Q2,B
110,VONG,A,42.71,6.94,Q4,Q1,A
111,IEI,A,,5.72,Q1,Q4,A
112,IWS,A,255.44,6.29,Q2,Q4,A
113,PFF,BBB,258.39,5.49,Q1,Q4,
114,EFG,AA,55.52,7.94,Q4,Q1,A
115,GDX,A,323.89,6.74,Q3,Q4,B
116,SCHO,A,1.6,5.72,Q1,Q1,A
117,FVD,AA,506.66,7.15,Q4,Q4,B
118,SGOV,A,,5.72,Q1,Q4,
119,FNDX,A,158.31,6.45,Q3,Q3,A
120,NOBL,A,149.98,7.02,Q4,Q3,A
121,IWN,BBB,189.85,5.01,Q1,Q3,A
122,IGIB,A,281.58,6.58,Q3,Q4,A
123,IWV,A,122.31,6.52,Q3,Q2,A
124,STIP,A,,5.72,Q1,Q4,A
125,GSLC,A,109.03,6.7,Q3,Q2,A
126,SCHP,A,1.6,5.72,Q1,Q1,A
127,IYW,A,18.71,6.88,Q4,Q1,A
128,VOT,A,94.64,6.3,Q2,Q2,A
129,IDEV,AA,125.88,7.5,Q4,Q2,A
130,SLV,,,,Q4,Q4,B
131,SCZ,A,154.6,6.35,Q2,Q3,A
132,FNDF,AA,180.34,7.33,Q4,Q3,A
133,HDV,A,370.89,6.75,Q3,Q4,A
134,MOAT,A,47.76,6.68,Q3,Q1,A
135,IWO,BBB,103.38,5.36,Q1,Q2,A
136,SCHV,A,204.85,6.56,Q3,Q3,A
137,SCHM,A,191.0,5.99,Q2,Q3,A
138,SMH,AA,61.36,8.1,Q4,Q1,
139,DGRW,A,66.64,7.09,Q4,Q1,
140,SUB,,,,Q4,Q4,A
141,TFLO,A,,5.72,Q1,Q4,A
142,USHY,BBB,292.32,5.26,Q1,Q4,A
143,SPLV,A,533.82,6.76,Q3,Q4,A
144,USIG,A,306.81,6.57,Q3,Q4,A
145,MINT,A,214.87,6.59,Q3,Q3,B
146,MTUM,A,99.58,6.47,Q3,Q2,
147,VFH,A,25.97,5.75,Q2,Q1,A
148,DFUV,,,,Q4,Q4,A
149,VSS,A,226.39,5.84,Q2,Q3,
150,FTCS,A,75.7,6.95,Q4,Q2,A
151,BBJP,AA,77.1,7.31,Q4,Q2,A
152,SCHE,BBB,383.2,5.42,Q1,Q4,B
153,SOXX,AA,63.99,7.65,Q4,Q1,
154,ARKK,BBB,17.94,5.58,Q1,Q1,B
155,JNK,BBB,312.8,5.18,Q1,Q4,B
156,DFAT,BBB,164.67,5.43,Q1,Q3,A
157,OEF,A,84.24,6.61,Q3,Q2,A
158,RDVY,A,143.01,6.61,Q3,Q3,A
159,EZU,AA,123.75,7.85,Q4,Q2,B
160,QYLD,A,46.98,6.71,Q3,Q1,
161,SPSM,BBB,105.59,5.37,Q1,Q2,A
162,IJK,A,158.93,6.0,Q2,Q3,A
163,VOOG,A,71.59,6.82,Q3,Q2,A
164,VDE,A,410.35,6.11,Q2,Q4,A
165,FTSM,A,364.57,6.58,Q3,Q4,B
166,MCHI,BBB,245.65,4.79,Q1,Q4,B
167,SPSB,A,168.21,6.71,Q3,Q3,A
168,EFAV,AA,141.02,7.38,Q4,Q3,A
169,BBEU,AA,100.13,7.91,Q4,Q2,A
170,IBB,A,18.24,6.3,Q2,Q1,A
171,SPEM,BBB,375.81,5.39,Q1,Q4,C
172,ESGD,AA,85.73,8.52,Q4,Q2,A
173,GUNR,A,335.3,6.63,Q3,Q4,D
174,TLH,A,,5.72,Q1,Q4,B
175,SCHR,A,1.6,5.71,Q1,Q1,A
176,VGLT,A,,5.72,Q1,Q4,A
177,FTEC,AA,18.32,7.36,Q4,Q1,
178,IJJ,A,148.0,5.77,Q2,Q3,A
179,VDC,A,50.23,6.97,Q4,Q1,A
180,IWY,A,34.87,7.03,Q4,Q1,A
181,SCHZ,A,237.55,6.02,Q2,Q3,A
182,FLOT,AA,63.23,7.45,Q4,Q1,A
183,IJS,BBB,100.22,5.5,Q1,Q2,A
184,SPTL,A,1.6,5.72,Q1,Q1,A
185,SPMD,A,153.46,5.89,Q2,Q3,A
186,SOXL,A,62.62,7.13,Q4,Q1,
187,DFUS,A,130.99,6.54,Q3,Q2,A
188,FNDA,BBB,153.41,5.46,Q1,Q3,A
189,VLUE,A,108.38,6.75,Q3,Q2,A
190,ESGV,A,49.21,6.67,Q3,Q1,A
191,SPYD,A,436.72,6.7,Q3,Q4,A
192,VONV,A,211.29,6.19,Q2,Q3,A
193,AMLP,BBB,520.57,4.29,Q1,Q4,
194,IQLT,AA,89.09,8.0,Q4,Q2,A
195,SPTM,A,122.46,6.62,Q3,Q2,A
196,IGV,AA,10.59,7.83,Q4,Q1,
197,AVUV,BBB,233.0,5.21,Q1,Q3,A
198,SPAB,A,261.88,6.1,Q2,Q4,A
199,VPL,A,128.81,6.85,Q4,Q2,A
200,XLB,A,620.83,6.78,Q3,Q4,A
201,XBI,BBB,36.33,4.88,Q1,Q1,A
202,VYMI,A,221.85,6.98,Q4,Q3,B
203,VTWO,BBB,143.46,5.2,Q1,Q3,A
204,SPIB,A,227.15,6.66,Q3,Q3,A
205,PRF,A,179.74,6.39,Q3,Q3,A
206,IHI,A,17.09,6.25,Q2,Q1,A
207,GLDM,,,,Q4,Q4,A
208,BBCA,AA,284.66,7.35,Q4,Q4,A
209,VCLT,A,418.18,6.47,Q3,Q4,A
210,MGV,A,188.81,6.51,Q3,Q3,A
211,SCHH,A,88.02,6.11,Q2,Q2,
212,ICSH,AA,261.75,7.23,Q4,Q4,A
213,DFAX,A,238.12,6.68,Q3,Q3,A
214,FDN,BBB,9.97,5.55,Q1,Q1,A
215,DFAS,BBB,156.91,5.55,Q1,Q3,A
216,INDA,BBB,534.48,5.38,Q1,Q4,D
217,DFIV,AA,172.92,7.43,Q4,Q3,A
218,ITA,A,31.6,6.12,Q2,Q1,A
219,BLV,A,442.86,6.05,Q2,Q4,A
220,JIRE,,,,Q4,Q4,A
221,SPHQ,A,100.97,6.76,Q3,Q2,A
222,VPU,A,,6.99,Q4,Q4,A
223,EWZ,BBB,310.63,5.05,Q1,Q4,B
224,SHYG,BBB,296.46,5.05,Q1,Q4,
225,GBIL,A,,5.72,Q1,Q4,
226,KWEB,BBB,16.2,4.63,Q1,Q1,C
227,SPTS,A,1.6,5.72,Q1,Q1,A
228,FPE,A,127.03,6.34,Q2,Q2,C
229,IJT,BBB,111.99,5.24,Q1,Q2,A
230,QLD,A,47.01,6.62,Q3,Q1,
231,FXI,BBB,126.34,5.6,Q1,Q2,B
232,VIGI,AA,117.82,7.67,Q4,Q2,B
233,VCR,A,64.37,6.25,Q2,Q1,A
234,PDBC,,,,Q4,Q4,B
235,ONEQ,A,54.05,6.46,Q3,Q1,
236,CIBR,A,8.69,6.49,Q3,Q1,B
237,SCHI,A,257.62,6.6,Q3,Q4,A
238,FNDE,BBB,470.45,5.4,Q1,Q4,D
239,PAVE,A,226.69,6.63,Q3,Q3,B
240,ACWV,A,272.31,6.66,Q3,Q4,A
241,EMXC,A,355.25,5.85,Q2,Q4,C
242,XLRE,A,93.71,6.95,Q4,Q2,A
243,IDV,A,388.54,7.13,Q4,Q4,B
244,PULS,A,198.14,7.09,Q4,Q3,A
245,PGX,BBB,149.49,5.65,Q1,Q3,
246,OMFL,A,129.34,6.59,Q3,Q2,A
247,CWB,BBB,302.88,5.67,Q1,Q4,B
248,EEMV,BBB,223.28,5.36,Q1,Q3,B
249,SRLN,,,,Q4,Q4,
250,SSO,A,122.42,6.58,Q3,Q2,
251,AVUS,A,168.99,6.43,Q3,Q3,A
252,IAGG,A,63.1,5.96,Q2,Q1,B
253,ESGE,A,133.95,7.1,Q4,Q3,C
254,VIS,A,118.69,6.7,Q3,Q2,A
255,ACWX,A,174.1,7.09,Q4,Q3,B
256,JEPQ,,,,Q4,Q4,A
257,FDL,A,332.56,6.57,Q3,Q4,A
258,SPMB,,,,Q4,Q4,A
259,IEUR,AA,101.02,7.82,Q4,Q2,A
260,FBND,A,259.43,5.81,Q2,Q4,A
261,FIXD,,,,Q4,Q4,B
262,LMBS,,,,Q4,Q4,B
263,BBAX,AA,173.9,7.51,Q4,Q3,A
264,DBEF,AA,103.38,7.7,Q4,Q2,B
265,MGC,A,103.37,6.68,Q3,Q2,A
266,ICLN,A,201.25,6.95,Q4,Q3,A
267,ISTB,A,220.11,5.99,Q2,Q3,A
268,SQQQ,A,,,Q4,Q4,
269,SHM,,,,Q4,Q4,A
270,IOO,A,50.11,6.94,Q4,Q1,C
271,GDXJ,BBB,564.06,5.42,Q1,Q4,B
272,BKLN,,,,Q4,Q4,C
273,SLYV,BBB,98.91,5.5,Q1,Q2,A
274,IXJ,AA,15.25,7.15,Q4,Q1,C
275,SPTI,A,1.6,5.72,Q1,Q1,A
276,SUSA,AA,49.65,8.29,Q4,Q1,A
277,DFAI,AA,150.26,7.51,Q4,Q3,A
278,DFIC,AA,160.13,7.33,Q4,Q3,A
279,HYLB,BBB,300.25,5.17,Q1,Q4,B
280,IGF,A,889.24,7.13,Q4,Q4,A
281,DFAU,A,138.07,6.51,Q3,Q3,A
282,SJNK,BBB,338.31,5.04,Q1,Q4,B
283,BSCO,A,156.7,6.74,Q3,Q3,A
284,EWT,A,230.06,6.37,Q2,Q3,B
285,TFI,,,,Q4,Q4,B
286,SCHC,A,189.59,6.13,Q2,Q3,A
287,DSI,AA,67.36,7.56,Q4,Q2,A
288,EWY,BBB,192.96,5.61,Q1,Q3,B
289,BBIN,AA,102.35,7.71,Q4,Q2,A
290,VONE,A,121.1,6.59,Q3,Q2,A
291,IXN,AA,29.26,7.59,Q4,Q1,B
292,XOP,A,424.63,5.8,Q2,Q4,A
293,AVEM,BBB,404.82,5.3,Q1,Q4,A
294,VUSB,A,161.9,6.75,Q3,Q3,
295,DLN,A,201.22,6.86,Q4,Q3,A
296,VNQI,A,72.19,6.21,Q2,Q2,B
297,KRE,BBB,5.39,4.61,Q1,Q1,C
298,NEAR,A,97.85,6.63,Q3,Q2,A
299,VOOV,A,182.89,6.52,Q3,Q3,A
300,EMLC,BBB,283.94,4.94,Q1,Q4,B
301,BOND,,,,Q4,Q4,B
302,VSGX,A,99.05,7.11,Q4,Q2,
303,HEFA,AA,101.28,7.71,Q4,Q2,
304,GNR,A,353.58,6.92,Q4,Q4,B
305,FV,A,182.02,6.71,Q3,Q3,
306,VWOB,BB,639.19,4.02,Q1,Q4,B
307,DON,A,372.66,5.76,Q2,Q4,B
308,XT,A,142.31,6.94,Q4,Q3,B
309,JAAA,,,,Q4,Q4,
310,SPHD,A,559.24,6.87,Q4,Q4,A
311,REET,A,86.99,5.79,Q2,Q2,A
312,LIT,A,149.31,5.77,Q2,Q3,C
313,JHMM,A,206.36,6.39,Q3,Q3,C
314,VOX,BB,12.79,4.28,Q1,Q1,A
315,AVDV,A,282.26,6.43,Q3,Q4,B
316,GSIE,AA,112.1,7.53,Q4,Q2,A
317,IYR,A,81.03,6.25,Q2,Q2,A
318,IYH,A,14.38,6.93,Q4,Q1,A
319,IGM,A,18.12,6.77,Q3,Q1,
320,SPGP,A,86.01,6.54,Q3,Q2,B
321,EWC,AA,268.75,7.37,Q4,Q4,A
322,DFCF,A,172.61,6.28,Q2,Q3,
323,AVDE,AA,182.15,7.4,Q4,Q3,A
324,SPXL,A,118.34,6.48,Q3,Q2,
325,VAW,A,590.04,6.6,Q3,Q4,A
326,FHLC,A,15.35,6.83,Q4,Q1,A
327,RSPT,AA,,,Q4,Q4,A
328,FNDC,A,166.42,6.1,Q2,Q3,B
329,TOTL,,,,Q4,Q4,
330,EAGG,A,105.98,6.64,Q3,Q2,A
331,DIVO,A,158.98,7.02,Q4,Q3,B
332,GVI,A,187.38,6.08,Q2,Q3,A
333,SCHK,A,121.82,6.59,Q3,Q2,
334,HYD,,,,Q4,Q4,
335,XYLD,A,123.52,6.68,Q3,Q2,B
336,CALF,BBB,273.73,5.45,Q1,Q4,
337,DGS,BBB,396.89,4.78,Q1,Q4,
338,ANGL,BBB,378.0,5.56,Q1,Q4,B
339,UPRO,A,122.4,6.64,Q3,Q2,
340,IBTD,A,,5.72,Q1,Q4,
341,EWU,AA,80.41,7.94,Q4,Q2,B
342,DUHP,AA,69.42,7.3,Q4,Q2,A
343,AMJ,,,,Q4,Q4,
344,AAXJ,A,289.1,5.75,Q2,Q4,B
345,SKYY,A,13.01,7.13,Q4,Q1,B
346,DFAE,BBB,366.3,5.41,Q1,Q4,B
347,CGDV,A,143.19,6.33,Q2,Q3,A
348,URTH,A,118.23,6.96,Q4,Q2,A
349,SGOL,,,,Q4,Q4,A
350,FEZ,AA,91.77,8.01,Q4,Q2,B
351,BSCP,A,164.49,6.81,Q3,Q3,A
352,FTGC,,,,Q4,Q4,C
353,NUGO,A,41.54,6.92,Q4,Q1,C
354,DXJ,A,120.5,6.92,Q4,Q2,B
355,SLYG,BBB,111.68,5.24,Q1,Q2,A
356,TECL,A,21.34,7.0,Q4,Q1,
357,DEM,BBB,431.07,5.05,Q1,Q4,
358,JMST,,,,Q4,Q4,A
359,BOTZ,AA,13.82,7.45,Q4,Q1,D
360,EMLP,A,,6.2,Q2,Q4,
361,PBUS,A,118.32,6.64,Q3,Q2,A
362,CGGR,A,90.04,6.12,Q2,Q2,A
363,IBDP,A,225.32,6.75,Q3,Q3,
364,ITB,A,54.53,6.05,Q2,Q1,A
365,SLQD,A,142.15,6.77,Q3,Q3,A
366,OIH,A,200.28,5.82,Q2,Q3,
367,XLG,A,48.78,6.59,Q3,Q1,A
368,FNGU,,,,Q4,Q4,
369,FLRN,AA,70.31,7.51,Q4,Q2,A
370,IBTE,A,,5.72,Q1,Q4,
371,TMF,BBB,1.6,5.61,Q1,Q1,
372,BILS,A,1.6,5.72,Q1,Q1,
373,ARKG,BBB,26.55,5.62,Q1,Q1,B
374,PZA,,,,Q4,Q4,B
375,MDYV,A,148.01,5.77,Q2,Q3,A
376,BSCN,A,180.03,6.88,Q4,Q3,A
377,USCL,,,,Q4,Q4,
378,ICF,A,95.25,6.51,Q3,Q2,B
379,NFRA,A,554.97,7.0,Q4,Q4,
380,USCA,,,,Q4,Q4,
381,XSOE,A,212.21,5.79,Q2,Q3,C
382,PFFD,A,194.91,5.73,Q2,Q3,
383,CMF,,,,Q4,Q4,A
384,VIOO,BBB,105.63,5.37,Q1,Q2,A
385,ASHR,BB,272.64,3.56,Q1,Q4,D
386,PTLC,A,121.96,6.68,Q3,Q2,B
387,BBUS,A,119.9,6.65,Q3,Q2,A
388,EDV,A,,5.72,Q1,Q4,B
389,VNLA,A,142.71,6.48,Q3,Q3,A
390,USRT,BBB,90.9,5.6,Q1,Q2,A
391,DFEM,BBB,366.32,5.33,Q1,Q4,B
392,EWA,AA,157.27,7.79,Q4,Q3,B
393,FTSL,,,,Q4,Q4,C
394,PRFZ,BBB,139.35,5.08,Q1,Q3,A
395,IFRA,A,978.03,6.35,Q2,Q4,A
396,BBAG,A,,,Q4,Q4,
397,RPV,A,176.69,6.29,Q2,Q3,B
398,DBC,,,,Q4,Q4,
399,IBDO,A,237.73,6.91,Q4,Q3,
400,IBDQ,A,187.22,6.77,Q3,Q3,A
401,TAN,A,328.0,6.18,Q2,Q4,D
402,FAS,A,36.93,5.78,Q2,Q1,
403,RWL,A,136.92,6.43,Q3,Q3,A
404,TDIV,AA,29.37,7.33,Q4,Q1,B
405,IGLB,A,460.46,6.4,Q3,Q4,B
406,QQEW,A,119.26,6.67,Q3,Q2,B
407,PPA,A,32.03,6.53,Q3,Q1,B
408,EPP,AA,168.22,7.45,Q4,Q3,B
409,BSCQ,A,172.88,6.61,Q3,Q3,A
410,HYMB,,,,Q4,Q4,C
411,QTEC,AA,25.29,7.27,Q4,Q1,A
412,KBWB,A,7.1,6.24,Q2,Q1,A
413,FUTY,A,,6.99,Q4,Q4,
414,IYF,BBB,40.6,5.46,Q1,Q1,A
415,PHO,AA,54.41,7.71,Q4,Q1,B
416,FMB,,,,Q4,Q4,B
417,MDYG,A,159.02,6.0,Q2,Q3,A
418,XME,A,881.59,5.8,Q2,Q4,A
419,AOR,A,167.26,6.5,Q3,Q3,
420,DES,BBB,188.65,5.01,Q1,Q3,B
421,JQUA,A,115.24,6.58,Q3,Q2,A
422,RPG,A,194.86,6.69,Q3,Q3,A
423,TDTT,A,,5.72,Q1,Q4,
424,KOMP,A,138.35,6.16,Q2,Q3,A
425,JETS,BBB,701.18,5.32,Q1,Q4,B
426,CGGO,AA,68.91,7.24,Q4,Q2,B
427,GSY,A,133.37,6.78,Q3,Q3,A
428,BKLC,A,100.3,6.67,Q3,Q2,
429,ITM,,,,Q4,Q4,
430,VTHR,A,122.28,6.52,Q3,Q2,A
431,IXC,A,395.31,6.62,Q3,Q4,C
432,ILCG,A,58.05,6.95,Q4,Q1,
433,IYK,AA,51.93,7.39,Q4,Q1,
434,IWX,A,189.8,6.15,Q2,Q3,A
435,EBND,BBB,5.51,4.91,Q1,Q1,C
436,IVLU,A,143.27,7.07,Q4,Q3,A
437,FXR,A,121.91,6.79,Q3,Q2,B
438,IEV,AA,99.8,7.93,Q4,Q2,D
439,IPAC,A,123.33,7.06,Q4,Q2,A
440,IYY,A,121.18,6.59,Q3,Q2,A
441,IHDG,AA,91.36,7.98,Q4,Q2,B
442,IBDR,A,192.67,6.66,Q3,Q3,A
443,GCOW,A,217.55,6.71,Q3,Q3,
444,FDVV,A,101.3,6.73,Q3,Q2,A
445,IVOO,A,153.42,5.89,Q2,Q3,A
446,BBMC,BBB,142.43,5.7,Q1,Q3,A
447,QCLN,A,160.42,6.47,Q3,Q3,B
448,LCTU,A,81.91,6.86,Q4,Q2,A
449,AIA,A,86.84,6.51,Q3,Q2,C
450,IMCG,A,88.1,6.28,Q2,Q2,A
451,AOA,A,155.59,6.64,Q3,Q3,
452,REGL,A,333.45,5.84,Q2,Q4,
453,EWG,AA,131.61,7.52,Q4,Q2,B
454,QDF,A,107.37,6.68,Q3,Q2,A
455,EWW,BBB,238.64,5.06,Q1,Q3,B
456,SPIP,A,,5.72,Q1,Q4,A
457,SH,A,,5.72,Q1,Q4,
458,PXF,AA,160.84,7.45,Q4,Q3,D
459,CWI,AA,164.1,7.18,Q4,Q3,C
460,XSD,A,70.23,5.86,Q2,Q2,A
461,BUFR,,,,Q4,Q4,
462,PICK,A,589.29,6.06,Q2,Q4,B
463,RYLD,BBB,144.83,5.2,Q1,Q3,
464,NULV,AA,72.96,7.85,Q4,Q2,A
465,EUFN,AA,3.06,7.99,Q4,Q1,B
466,PCY,BB,,3.97,Q1,Q4,
467,DFSV,BBB,195.45,5.49,Q1,Q3,A
468,RODM,AA,156.25,7.34,Q4,Q3,A
469,FENY,A,409.52,6.13,Q2,Q4,
470,FLCB,A,335.6,6.03,Q2,Q4,A
471,URA,A,343.51,6.32,Q2,Q4,
472,ARKW,BBB,13.35,5.4,Q1,Q1,B
473,XAR,A,36.57,6.65,Q3,Q1,A
474,JMBS,,,,Q4,Q4,A
475,KXI,AA,43.65,7.53,Q4,Q1,A
476,PABU,A,29.65,6.74,Q3,Q1,
477,COPX,A,296.88,6.05,Q2,Q4,B
478,FXH,A,22.66,6.28,Q2,Q1,B
479,CDC,A,629.81,6.9,Q4,Q4,A
480,HYLS,BBB,245.86,5.06,Q1,Q4,C
481,NRGU,,,,Q4,Q4,
482,BAB,,,,Q4,Q4,B
483,FLJP,A,89.56,7.14,Q4,Q2,A
484,TILT,A,129.56,6.31,Q2,Q2,A
485,ROBO,A,31.04,6.84,Q4,Q1,C
486,CGXU,A,124.36,6.96,Q4,Q2,B
487,USMC,A,76.03,6.89,Q4,Q2,A
488,XHB,A,46.54,6.96,Q4,Q1,A
489,USO,,,,Q4,Q4,
490,IMTM,AA,98.03,7.65,Q4,Q2,A
491,UITB,A,429.93,6.08,Q2,Q4,B
492,VRP,A,245.54,6.24,Q2,Q4,
493,KBE,BBB,5.08,4.97,Q1,Q1,B
494,RWR,BBB,93.3,5.69,Q1,Q2,A
495,FXD,A,109.77,5.94,Q2,Q2,B
496,FIW,AA,97.57,7.16,Q4,Q2,B
497,UCON,,,,Q4,Q4,C
498,HACK,A,18.74,6.41,Q3,Q1,
499,ILF,BBB,255.08,5.24,Q1,Q4,D
500,FNCL,BBB,31.3,5.46,Q1,Q1,
501,FALN,BBB,342.18,5.58,Q1,Q4,
502,HEDJ,AA,125.83,7.57,Q4,Q2,B
503,ICVT,BBB,223.9,5.62,Q1,Q3,
504,SPYX,A,113.93,6.71,Q3,Q2,A
505,ESML,A,100.8,6.43,Q3,Q2,A
506,FBT,A,24.88,5.78,Q2,Q1,B
507,LRGF,A,114.96,6.79,Q3,Q2,A
508,GUSA,A,120.16,6.6,Q3,Q2,
509,IBDS,A,211.85,6.61,Q3,Q3,A
510,DFSD,A,136.97,6.74,Q3,Q3,
511,MLPA,BB,544.0,4.01,Q1,Q4,
512,TNA,BBB,133.23,5.19,Q1,Q3,
513,DIHP,AA,126.07,7.69,Q4,Q2,A
514,RWJ,A,112.01,5.85,Q2,Q2,A
515,PEY,A,665.62,6.62,Q3,Q4,B
516,SPHY,BBB,292.82,5.21,Q1,Q4,A
517,TIPX,A,,5.72,Q1,Q4,A
518,HDEF,AA,168.46,7.92,Q4,Q3,A
519,IBTF,A,,5.72,Q1,Q4,
520,AVLV,A,168.4,6.42,Q3,Q3,A
521,IYE,A,376.79,6.34,Q2,Q4,A
522,CLTL,A,,5.72,Q1,Q4,
523,AOM,A,184.39,6.34,Q2,Q3,
524,VIOV,BBB,99.02,5.5,Q1,Q2,A
525,PXH,BBB,422.05,5.49,Q1,Q4,D
526,TBIL,,,,Q4,Q4,
527,RWO,A,88.47,6.0,Q2,Q2,B
528,EWL,AA,88.85,7.83,Q4,Q2,B
529,FDIS,A,63.45,6.27,Q2,Q1,
530,USSG,AA,62.09,7.56,Q4,Q1,A
531,IYG,A,4.45,6.34,Q2,Q1,B
532,SDVY,BBB,163.05,5.54,Q1,Q3,B
533,FTA,A,335.27,6.71,Q3,Q4,B
534,SECT,A,87.02,6.47,Q3,Q2,
535,FSTA,A,51.56,6.96,Q4,Q1,
536,JCPB,A,298.31,5.98,Q2,Q4,B
537,DSTL,A,55.34,6.64,Q3,Q1,A
538,DISV,A,241.16,6.67,Q3,Q4,B
539,IGOV,A,,6.6,Q3,Q4,
540,IYJ,A,64.88,6.99,Q4,Q1,A
541,PFXF,BBB,829.21,5.7,Q1,Q4,
542,SDOG,A,390.74,7.07,Q4,Q4,A
543,IYT,A,310.17,6.66,Q3,Q4,A
544,FXL,A,29.14,6.77,Q3,Q1,B
545,HYGV,BBB,306.35,5.06,Q1,Q4,B
546,FTXL,A,82.82,6.96,Q4,Q2,B
547,HTRB,,,,Q4,Q4,B
548,DHS,A,420.58,6.29,Q2,Q4,
549,FEX,A,252.08,6.68,Q3,Q4,B
550,UNIY,,,,Q4,Q4,
551,GRID,AA,96.86,8.07,Q4,Q2,C
552,SIVR,,,,Q4,Q4,A
553,VTC,A,280.63,6.58,Q3,Q4,
554,MOO,AA,217.06,7.24,Q4,Q3,B
555,DLS,A,182.77,6.25,Q2,Q3,B
556,XMMO,A,88.7,5.88,Q2,Q2,A
557,ARKQ,A,38.22,6.7,Q3,Q1,B
558,NULG,AA,29.13,7.93,Q4,Q1,A
559,PID,AA,382.56,7.54,Q4,Q4,B
560,DTD,A,216.8,6.69,Q3,Q3,A
561,SUSL,AA,59.39,7.59,Q4,Q1,A
562,HYS,BBB,327.7,4.97,Q1,Q4,B
563,PDP,A,93.86,6.46,Q3,Q2,B
564,XMHQ,A,129.68,6.18,Q2,Q2,A
565,BITO,,,,Q4,Q4,C
566,UNG,,,,Q4,Q4,
567,SUSC,AA,128.53,7.56,Q4,Q2,A
568,LVHD,A,568.36,6.56,Q3,Q4,A
569,BSJP,BBB,205.43,5.24,Q1,Q3,B
570,GXC,BBB,262.73,4.63,Q1,Q4,B
571,CGUS,A,137.02,6.43,Q3,Q3,A
572,NUSC,A,48.9,6.72,Q3,Q1,B
573,GSG,,,,Q4,Q4,B
574,FLTR,A,29.69,6.97,Q4,Q1,A
575,FNX,A,195.33,5.75,Q2,Q3,B
576,QEFA,AA,108.57,7.6,Q4,Q2,B
577,FREL,A,84.07,6.14,Q2,Q2,
578,BOIL,,,,Q4,Q4,
579,SOXS,BBB,1.6,5.39,Q1,Q1,
580,HNDL,A,382.29,6.29,Q2,Q4,
581,RPAR,A,228.8,6.05,Q2,Q3,
582,EPI,BBB,,4.58,Q1,Q4,D
583,PGF,A,4.9,5.78,Q2,Q1,
584,INFL,A,65.15,6.63,Q3,Q1,B
585,RSPH,A,,,Q4,Q4,A
586,ARKF,A,11.2,5.82,Q2,Q1,B
587,FTXG,AA,73.75,7.56,Q4,Q2,B
588,FTC,A,163.77,6.63,Q3,Q3,B
589,JEMA,A,172.81,5.79,Q2,Q3,B
590,MUNI,,,,Q4,Q4,
591,CGW,AA,132.0,7.46,Q4,Q2,D
592,LDUR,A,188.15,5.96,Q2,Q3,
593,TSLL,,,,Q4,Q4,
594,QUS,A,147.36,6.82,Q3,Q3,A
595,PKW,A,114.84,6.43,Q3,Q2,B
596,RAVI,A,146.55,6.86,Q4,Q3,A
597,KSA,BB,794.1,3.67,Q1,Q4,C
598,IHF,AA,12.56,7.4,Q4,Q1,A
599,GLTR,,,,Q4,Q4,
600,EWQ,AA,130.6,7.74,Q4,Q2,B
601,SPXU,A,,5.72,Q1,Q4,
602,GEM,BBB,292.57,5.37,Q1,Q4,C
603,GTO,,,,Q4,Q4,B
604,GSUS,A,116.17,6.66,Q3,Q2,
605,FPEI,A,208.71,6.74,Q3,Q3,
606,LABU,BBB,35.26,4.93,Q1,Q1,
607,BSCR,A,175.04,6.72,Q3,Q3,A
608,XMLV,BBB,351.86,5.7,Q1,Q4,A
609,MLPX,A,871.11,6.4,Q3,Q4,
610,CGCP,,,,Q4,Q4,
611,QLTA,A,215.11,6.83,Q4,Q3,A
612,BWX,A,1.6,6.09,Q2,Q1,B
613,BAR,,,,Q4,Q4,A
614,INTF,AA,108.3,7.69,Q4,Q2,A
615,BCI,,,,Q4,Q4,A
616,PJUL,,,,Q4,Q4,
617,IAUM,,,,Q4,Q4,A
618,IWL,A,99.08,6.67,Q3,Q2,A
619,PPLT,,,,Q4,Q4,D
620,FLQL,A,64.54,6.69,Q3,Q1,A
621,PTNQ,A,46.96,6.71,Q3,Q1,
622,PSQ,A,,5.72,Q1,Q4,
623,ZROZ,A,,5.72,Q1,Q4,
624,IDU,A,,6.89,Q4,Q4,A
625,IBDT,A,281.86,6.61,Q3,Q4,
626,IWC,BBB,,,Q4,Q4,B
627,SIL,BBB,230.44,5.4,Q1,Q3,C
628,EFIV,A,83.14,7.0,Q4,Q2,A
629,DRIV,A,90.23,6.54,Q3,Q2,B
630,URNM,,,,Q4,Q4,
631,FXO,BBB,4.06,5.25,Q1,Q1,B
632,JMEE,,,,Q4,Q4,B
633,EQTY,,,,Q4,Q4,
634,CRBN,A,65.88,6.79,Q3,Q1,B
635,DFNM,,,,Q4,Q4,A
636,SDS,A,,5.72,Q1,Q4,
637,NTSX,A,114.95,6.65,Q3,Q2,
638,IYC,A,67.07,6.06,Q2,Q2,A
639,SNPE,A,94.6,6.95,Q4,Q2,A
640,DBA,,,,Q4,Q4,
641,SUSB,AA,96.96,7.96,Q4,Q2,A
642,XHLF,,,,Q4,Q4,
643,IQDG,AA,89.43,7.98,Q4,Q2,
644,PSK,A,226.68,5.91,Q2,Q3,
645,QVML,A,134.66,6.63,Q3,Q3,B
646,USPX,AAA,,,Q4,Q4,B
647,SMDV,BBB,223.74,5.35,Q1,Q3,A
648,AGGY,A,552.38,6.13,Q2,Q4,A
649,BSVO,,,,Q4,Q4,
650,KNG,A,150.05,7.02,Q4,Q3,B
651,BBSC,BBB,118.25,5.06,Q1,Q2,
652,IVOV,A,147.86,5.77,Q2,Q3,A
653,FYX,BBB,154.75,4.99,Q1,Q3,B
654,LGLV,A,306.62,6.46,Q3,Q4,
655,SMMV,BBB,240.22,5.25,Q1,Q4,A
656,ILCV,A,190.54,6.27,Q2,Q3,A
657,CQQQ,BB,54.56,3.93,Q1,Q1,D
658,FPX,BBB,103.9,5.54,Q1,Q2,
659,VTWV,BBB,189.89,5.01,Q1,Q3,A
660,SMMD,A,151.08,5.73,Q2,Q3,
661,VTWG,BBB,103.63,5.36,Q1,Q2,A
662,COMT,,,,Q4,Q4,
663,SYLD,A,230.59,5.96,Q2,Q3,B
664,ILCB,A,120.44,6.63,Q3,Q2,A
665,QQQE,A,110.32,6.7,Q3,Q2,A
666,IYM,A,715.41,6.68,Q3,Q4,A
667,RDIV,AA,135.56,7.24,Q4,Q3,A
668,EWX,,,,Q4,Q4,C
669,PWV,A,108.75,6.55,Q3,Q2,B
670,SPXS,BBB,1.6,5.29,Q1,Q1,
671,SMLF,BBB,112.8,5.58,Q1,Q2,B
672,EELV,BBB,342.72,5.66,Q1,Q4,D
673,SDIV,BB,,,Q4,Q4,D
674,IVOG,A,158.9,6.0,Q2,Q3,A
675,FIDU,A,113.15,6.66,Q3,Q2,
676,JHML,A,156.14,6.68,Q3,Q3,C
677,ONEY,A,269.55,6.64,Q3,Q4,A
678,IMCB,A,201.33,6.45,Q3,Q3,A
679,BBRE,BBB,92.04,5.61,Q1,Q2,
680,CORP,A,336.17,6.49,Q3,Q4,
681,STPZ,A,,5.72,Q1,Q4,
682,SCHY,AA,194.98,7.45,Q4,Q3,A
683,IAT,A,7.63,5.85,Q2,Q1,C
684,IVOL,A,1.6,5.72,Q1,Q1,
685,DFLV,,,,Q4,Q4,A
686,EZM,A,200.58,5.83,Q2,Q3,B
687,DFGR,,,,Q4,Q4,A
688,FCOM,BB,12.15,4.28,Q1,Q1,
689,QQQJ,A,108.57,6.53,Q3,Q2,A
690,DPST,BBB,,,Q4,Q4,
691,SPBO,A,294.56,6.56,Q3,Q4,A
692,RSPS,AA,,,Q4,Q4,A
693,OUNZ,,,,Q4,Q4,A
694,GLOV,A,70.72,7.07,Q4,Q2,
695,PBW,A,134.84,5.94,Q2,Q3,B
696,SPLB,A,438.68,6.46,Q3,Q4,A
697,ICOW,A,291.13,7.04,Q4,Q4,D
698,FBCG,A,53.27,6.52,Q3,Q1,
699,WCLD,A,7.44,6.52,Q3,Q1,A
700,FSIG,A,149.84,6.99,Q4,Q3,
701,USXF,AA,62.28,7.62,Q4,Q1,A
702,ALTL,A,533.32,6.76,Q3,Q4,C
703,FTLS,A,90.95,6.4,Q3,Q2,
704,DFAR,A,87.94,6.07,Q2,Q2,
705,DFIS,A,187.12,6.48,Q3,Q3,B
706,GWX,BBB,140.43,5.14,Q1,Q3,B
707,DWAS,BBB,155.15,5.02,Q1,Q3,B
708,FGD,A,269.61,6.68,Q3,Q4,
709,EWP,AA,108.96,8.1,Q4,Q2,B
710,YINN,A,,,Q4,Q4,
711,DBMF,A,,,Q4,Q4,
712,PDEC,,,,Q4,Q4,
713,EPS,A,120.37,6.3,Q2,Q2,
714,CATH,A,124.87,6.74,Q3,Q2,
715,TDTF,A,,5.72,Q1,Q4,
716,OUSA,AA,,,Q4,Q4,
717,UDOW,A,31.18,7.13,Q4,Q1,
718,UCO,,,,Q4,Q4,
719,SILJ,BBB,381.37,4.52,Q1,Q4,B
720,KRMA,AA,90.73,7.25,Q4,Q2,
721,REM,BB,2.0,3.81,Q1,Q1,B
722,PNOV,,,,Q4,Q4,
723,JHEM,BBB,382.84,5.62,Q1,Q4,B
724,BUG,A,8.88,6.1,Q2,Q1,
725,REZ,BBB,60.25,4.99,Q1,Q1,B
726,BNDW,A,207.03,6.26,Q2,Q3,
727,SPHB,A,127.28,6.31,Q2,Q2,A
728,PCEF,A,,,Q4,Q4,
729,AOK,A,196.34,6.25,Q2,Q3,
730,PFM,A,160.68,6.87,Q4,Q3,B
731,PAPR,,,,Q4,Q4,
732,FXG,A,102.93,7.05,Q4,Q2,B
733,IEO,A,375.02,6.86,Q4,Q4,A
734,FM,,,,Q4,Q4,C
735,CFO,A,219.93,6.65,Q3,Q3,C
736,EQAL,A,291.9,6.2,Q2,Q4,A
737,GUSH,BBB,378.79,5.57,Q1,Q4,
738,BIZD,,,,Q4,Q4,D
739,PWB,A,81.09,6.72,Q3,Q2,B
740,BSCS,A,206.08,6.71,Q3,Q3,A
741,JVAL,A,136.07,6.55,Q3,Q3,A
742,PSI,A,71.85,6.17,Q2,Q2,B
743,ECH,A,366.1,5.76,Q2,Q4,B
744,PLW,A,1.6,5.72,Q1,Q1,A
745,EWH,A,291.42,6.69,Q3,Q4,
746,IGRO,AA,130.62,7.56,Q4,Q2,B
747,FRDM,A,196.21,5.93,Q2,Q3,
748,LTPZ,A,,5.72,Q1,Q4,
749,XSVM,BBB,182.89,5.12,Q1,Q3,A
750,INDY,A,409.03,5.83,Q2,Q4,F
751,FLCO,A,422.62,6.23,Q2,Q4,B
752,DVYE,BBB,722.45,4.44,Q1,Q4,D
753,QGRO,A,63.49,6.83,Q4,Q1,A
754,FIVG,A,42.81,7.03,Q4,Q1,B
755,PJAN,,,,Q4,Q4,
756,BULZ,,,,Q4,Q4,
757,VRIG,A,81.3,6.42,Q3,Q2,A
758,QAI,A,187.01,6.17,Q2,Q3,
759,AAAU,,,,Q4,Q4,A
760,BSJO,BBB,162.78,4.96,Q1,Q3,D
761,GIGB,A,126.68,6.67,Q3,Q2,
762,EMGF,BBB,256.97,5.56,Q1,Q4,D
763,SPGM,A,133.11,6.83,Q4,Q2,B
764,DIV,BBB,292.09,4.91,Q1,Q4,B
765,LEMB,BBB,,4.61,Q1,Q4,C
766,XHE,A,28.56,6.41,Q3,Q1,A
767,PWZ,,,,Q4,Q4,B
768,CXSE,BBB,124.67,4.91,Q1,Q2,
769,HAUZ,A,79.07,6.25,Q2,Q2,
770,ROM,AA,22.45,7.57,Q4,Q1,
771,ISCF,A,122.33,6.4,Q3,Q2,C
772,SRVR,AA,158.43,8.19,Q4,Q3,B
773,EES,BBB,105.14,4.84,Q1,Q2,B
774,CLOU,A,33.23,6.84,Q4,Q1,
775,IDLV,A,166.49,7.07,Q4,Q3,D
776,PJUN,,,,Q4,Q4,
777,VIOG,BBB,111.88,5.24,Q1,Q2,A
778,EUSB,A,62.29,6.45,Q3,Q1,
779,IBDU,A,234.46,6.61,Q3,Q3,
780,VNM,,,,Q4,Q4,D
781,DJP,,,,Q4,Q4,C
782,DNL,AA,123.31,7.79,Q4,Q2,B
783,IHAK,A,9.09,6.08,Q2,Q1,B
784,BSJN,BBB,114.79,5.7,Q1,Q2,B
785,PNQI,A,13.93,5.84,Q2,Q1,B
786,REMX,BBB,367.3,5.36,Q1,Q4,
787,DWM,AA,144.8,7.5,Q4,Q3,
788,PFFA,BB,147.36,3.64,Q1,Q3,
789,PREF,A,414.51,6.7,Q3,Q4,
790,BUFD,,,,Q4,Q4,
791,UYG,A,39.57,5.98,Q2,Q1,
792,GSST,A,102.59,6.57,Q3,Q2,A
793,IGE,A,445.13,6.59,Q3,Q4,A
794,PAUG,,,,Q4,Q4,
795,ACIO,A,159.6,6.62,Q3,Q3,B
796,FXZ,A,560.2,6.17,Q2,Q4,B
797,NYF,,,,Q4,Q4,A
798,KOKU,A,127.43,6.94,Q4,Q2,B
799,IBMM,,,,Q4,Q4,A
800,FLGB,AA,93.84,7.97,Q4,Q2,A
801,BLOK,BBB,137.39,5.29,Q1,Q3,B
802,NANR,A,379.84,6.68,Q3,Q4,A
803,AGZ,BBB,511.14,4.54,Q1,Q4,A
804,JMUB,,,,Q4,Q4,A
805,DRSK,A,226.62,6.65,Q3,Q3,
806,LCTD,AA,85.71,8.07,Q4,Q2,B
807,KRBN,,,,Q4,Q4,F
808,IQDF,A,229.26,7.07,Q4,Q3,C
809,ONEV,A,197.91,6.68,Q3,Q3,A
810,PMAY,,,,Q4,Q4,
811,JPIE,,,,Q4,Q4,
812,ULST,A,240.95,6.16,Q2,Q4,A
813,TUA,,,,Q4,Q4,A
814,ILTB,A,460.57,5.91,Q2,Q4,A
815,PDN,A,179.21,6.03,Q2,Q3,D
816,CFA,A,219.95,6.65,Q3,Q3,B
817,TLTW,,,,Q4,Q4,
818,PHB,BBB,277.78,5.67,Q1,Q4,C
819,FDLO,A,143.12,6.66,Q3,Q3,A
820,RSPN,A,,,Q4,Q4,A
821,FXN,A,421.36,6.84,Q4,Q4,B
822,VUSE,A,115.62,6.57,Q3,Q2,
823,TLTD,A,156.76,7.03,Q4,Q3,B
824,EEMA,BBB,300.34,5.63,Q1,Q4,C
825,RLY,A,594.56,6.55,Q3,Q4,
826,VFVA,A,192.61,5.88,Q2,Q3,A
827,FDRR,A,143.35,6.82,Q3,Q3,A
828,IMCV,A,325.04,6.64,Q3,Q4,A
829,XNTK,A,24.72,6.99,Q4,Q1,A
830,FCG,A,446.63,6.16,Q2,Q4,B
831,TMFC,A,54.57,6.53,Q3,Q1,B
832,FAUG,,,,Q4,Q4,
833,SSUS,,,,Q4,Q4,
834,EIDO,BBB,420.48,5.62,Q1,Q4,B
835,SMMU,,,,Q4,Q4,
836,FNDB,A,157.92,6.38,Q2,Q3,A
837,BBEM,,,,Q4,Q4,
838,PSEP,,,,Q4,Q4,
839,RSPD,A,,,Q4,Q4,A
840,USTB,A,274.21,6.09,Q2,Q4,B
841,FVAL,A,114.83,6.37,Q2,Q2,A
842,SFY,A,138.49,6.59,Q3,Q3,A
843,DWX,AA,369.18,7.32,Q4,Q4,B
844,UUP,,,,Q4,Q4,
845,RSPG,A,,,Q4,Q4,
846,XONE,,,,Q4,Q4,
847,JHMD,AA,129.32,7.7,Q4,Q2,B
848,EWS,A,97.27,6.82,Q3,Q2,B
849,LVHI,AA,285.88,7.17,Q4,Q4,D
850,DOL,AA,121.7,7.66,Q4,Q2,B
851,EUSA,A,196.26,6.5,Q3,Q3,A
852,VOTE,A,124.26,6.65,Q3,Q2,
853,DFSU,,,,Q4,Q4,A
854,FDT,A,370.69,6.76,Q3,Q4,F
855,MEAR,,,,Q4,Q4,A
856,ACES,A,173.65,6.96,Q4,Q3,
857,PFEB,,,,Q4,Q4,
858,EMCR,A,152.66,5.85,Q2,Q3,
859,TPYP,A,780.19,6.75,Q3,Q4,
860,EMQQ,BBB,49.41,5.44,Q1,Q1,C
861,FJUN,,,,Q4,Q4,
862,JCPI,A,,,Q4,Q4,
863,KIE,BBB,2.67,4.63,Q1,Q1,A
864,IBMN,,,,Q4,Q4,
865,RWK,A,165.73,6.07,Q2,Q3,A
866,IRBO,A,30.94,6.1,Q2,Q1,D
867,BBH,A,13.59,6.66,Q3,Q1,
868,METV,A,21.06,6.33,Q2,Q1,
869,NUGT,A,283.82,6.2,Q2,Q4,
870,GCOR,A,278.95,5.89,Q2,Q4,B
871,GSSC,BBB,144.39,5.17,Q1,Q3,B
872,JAVA,A,246.08,6.27,Q2,Q4,A
873,AVIG,A,406.59,6.46,Q3,Q4,
874,DMXF,AA,65.54,8.07,Q4,Q1,A
875,WIP,A,1.6,5.77,Q2,Q1,C
876,JPUS,A,358.56,6.54,Q3,Q4,A
877,GSEW,A,193.38,6.6,Q3,Q3,A
878,AIQ,A,20.98,6.91,Q4,Q1,
879,BKIE,AA,115.68,7.71,Q4,Q2,
880,MNA,A,113.97,5.72,Q1,Q2,
881,IDRV,A,80.36,5.98,Q2,Q2,B
882,FMAT,A,590.51,6.59,Q3,Q4,
883,TZA,BBB,1.6,5.21,Q1,Q1,
884,FMAY,,,,Q4,Q4,
885,GII,A,888.85,7.13,Q4,Q4,B
886,SDOW,A,,5.72,Q1,Q4,
887,FEM,BBB,730.52,4.67,Q1,Q4,F
888,PCRB,,,,Q4,Q4,
889,YEAR,,,,Q4,Q4,A
890,MMIT,,,,Q4,Q4,B
891,IBML,,,,Q4,Q4,A
892,JUCY,,,,Q4,Q4,B
893,SPEU,AA,103.17,7.79,Q4,Q2,B
894,DBEU,AA,101.05,7.88,Q4,Q2,B
895,BKAG,A,275.15,6.05,Q2,Q4,
896,VXX,,,,Q4,Q4,B
897,TBT,A,,5.72,Q1,Q4,
898,ROUS,A,144.5,6.78,Q3,Q3,
899,QID,A,,5.72,Q1,Q4,
900,NUSI,A,47.0,6.71,Q3,Q1,B
901,AIRR,A,136.16,5.86,Q2,Q3,B
902,CMBS,,,,Q4,Q4,B
903,DAUG,,,,Q4,Q4,
904,XSLV,BBB,70.45,4.64,Q1,Q2,A
905,AVSC,BBB,163.07,5.04,Q1,Q3,A
906,GSID,AA,110.6,7.67,Q4,Q2,B
907,BKMC,A,201.79,6.45,Q3,Q3,
908,MLN,,,,Q4,Q4,
909,CEMB,BBB,585.3,5.44,Q1,Q4,C
910,MDIV,BBB,236.95,4.77,Q1,Q3,
911,FLGV,A,,5.72,Q1,Q4,B
912,IPAY,A,34.53,6.15,Q2,Q1,
913,DIAL,BBB,407.95,5.51,Q1,Q4,B
914,IXG,A,23.31,6.8,Q3,Q1,C
915,DTH,AA,205.52,7.37,Q4,Q3,
916,DFEV,BBB,446.57,5.01,Q1,Q4,B
917,FSMB,,,,Q4,Q4,B
918,TMFG,A,91.9,6.85,Q4,Q2,C
919,POCT,,,,Q4,Q4,
920,FINX,A,9.9,5.93,Q2,Q1,B
921,DIVI,,,,Q4,Q4,A
922,PMAR,,,,Q4,Q4,
923,JPSE,BBB,192.14,5.12,Q1,Q3,
924,JPIN,AA,265.63,7.39,Q4,Q4,C
925,RING,A,380.25,6.48,Q3,Q4,C
926,IAI,A,3.51,6.42,Q3,Q1,B
927,NXTG,AA,53.9,7.33,Q4,Q1,
928,ROBT,AA,22.9,7.27,Q4,Q1,D
929,ERX,A,355.23,6.04,Q2,Q4,
930,GXUS,,,,Q4,Q4,
931,FNOV,,,,Q4,Q4,
932,MMIN,,,,Q4,Q4,A
933,PEJ,BBB,124.06,5.57,Q1,Q2,B
934,CSM,A,162.15,6.68,Q3,Q3,
935,BALT,,,,Q4,Q4,
936,ISCG,BBB,87.91,5.39,Q1,Q2,A
937,PTMC,A,153.71,5.91,Q2,Q3,
938,XRT,A,21.1,6.15,Q2,Q1,A
939,VCEB,A,30.73,6.69,Q3,Q1,
940,JGRO,,,,Q4,Q4,A
941,SDG,AA,133.73,7.4,Q4,Q3,C
942,CCOR,A,270.87,6.77,Q3,Q4,C
943,ISCV,BBB,180.21,5.41,Q1,Q3,A
944,HYEM,BBB,903.43,4.68,Q1,Q4,C
945,FMHI,,,,Q4,Q4,B
946,TECB,A,22.81,6.65,Q3,Q1,A
947,HFXI,AA,106.38,7.63,Q4,Q2,B
948,AIVL,A,214.0,6.6,Q3,Q3,B
949,FFEB,,,,Q4,Q4,
950,CSB,BBB,303.11,5.27,Q1,Q4,B
951,AGQ,,,,Q4,Q4,
952,KBWD,,,,Q4,Q4,D
953,FAPR,,,,Q4,Q4,
954,SHYD,,,,Q4,Q4,
955,DFIP,A,,5.72,Q1,Q4,A
956,CWEB,BBB,,,Q4,Q4,
957,IBDV,A,255.34,6.51,Q3,Q4,
958,EXI,AA,105.86,7.22,Q4,Q2,C
959,SCHQ,BBB,1.6,5.7,Q1,Q1,A
960,VBND,A,476.6,5.76,Q2,Q4,C
961,KBA,BB,278.11,4.2,Q1,Q4,
962,FJUL,,,,Q4,Q4,
963,BBHY,A,,,Q4,Q4,
964,IQSU,A,73.35,7.04,Q4,Q2,B
965,EEMS,,,,Q4,Q4,D
966,NUMG,AA,49.83,7.66,Q4,Q1,A
967,VIDI,A,228.48,6.28,Q2,Q3,
968,HMOP,,,,Q4,Q4,B
969,PPH,A,18.79,6.79,Q3,Q1,
970,IBDW,A,358.69,6.56,Q3,Q4,
971,DUSA,BBB,60.57,5.16,Q1,Q1,C
972,TDSC,A,48.97,6.23,Q2,Q1,
973,CDL,A,629.81,6.9,Q4,Q4,B
974,YYY,,,,Q4,Q4,
975,BSCT,A,192.06,6.7,Q3,Q3,A
976,IHE,A,28.08,6.46,Q3,Q1,B
977,SCHJ,A,172.78,6.69,Q3,Q3,A
978,TCHP,A,23.44,6.84,Q4,Q1,B
979,DDM,A,31.17,7.13,Q4,Q1,
980,JHSC,A,177.01,5.72,Q1,Q3,B
981,EWI,A,148.71,7.07,Q4,Q3,A
982,IAK,BBB,2.22,5.1,Q1,Q1,B
983,SVOL,A,231.58,5.96,Q2,Q3,B
984,NUDM,AAA,48.61,8.77,Q4,Q1,B
985,XDEC,,,,Q4,Q4,
986,GMF,BBB,315.85,5.5,Q1,Q4,F
987,RSPU,A,,,Q4,Q4,A
988,PLDR,A,131.99,7.08,Q4,Q2,
989,RXI,A,55.01,6.6,Q3,Q1,B
990,EMC,,,,Q4,Q4,
991,JPRE,,,,Q4,Q4,C
992,DRLL,,,,Q4,Q4,
993,JPIB,A,223.65,6.29,Q2,Q3,B
994,JPME,A,339.8,6.34,Q2,Q4,
995,RWX,A,76.96,6.72,Q3,Q2,C
996,GINN,A,42.49,6.25,Q2,Q1,
997,SNSR,A,32.98,6.66,Q3,Q1,A
998,VFMO,A,89.42,5.78,Q2,Q2,A
999,AVRE,A,81.56,6.22,Q2,Q2,A
1000,OMFS,BBB,142.76,5.24,Q1,Q3,B
1001,FLKR,BBB,183.87,5.58,Q1,Q3,B
1002,QDEF,A,128.82,6.7,Q3,Q2,B
1003,SIXH,A,71.29,6.69,Q3,Q2,D
1004,CNRG,A,569.28,6.75,Q3,Q4,A
1005,MUST,,,,Q4,Q4,A
1006,NUMV,AA,146.21,7.48,Q4,Q3,B
1007,QQH,A,52.06,6.66,Q3,Q1,
1008,PSCT,A,38.07,5.93,Q2,Q1,B
1009,MSOS,BBB,46.6,5.67,Q1,Q1,
1010,HEZU,AA,123.75,7.85,Q4,Q2,
1011,CMDY,,,,Q4,Q4,B
1012,UVXY,,,,Q4,Q4,
1013,AMZA,BBB,508.03,4.49,Q1,Q4,
1014,USOI,,,,Q4,Q4,
1015,OUSM,A,,,Q4,Q4,
1016,BJUL,,,,Q4,Q4,
1017,FLCA,AA,268.0,7.39,Q4,Q4,A
1018,XES,BBB,276.17,5.08,Q1,Q4,A
1019,GJUN,,,,Q4,Q4,
1020,RDVI,,,,Q4,Q4,
1021,TDVG,A,187.23,6.82,Q3,Q3,B
1022,FLIN,BBB,586.69,5.17,Q1,Q4,C
1023,UTWO,,,,Q4,Q4,
1024,EMHY,BB,673.69,4.04,Q1,Q4,
1025,FQAL,A,119.61,6.51,Q3,Q2,A
1026,EWD,AA,17.53,7.62,Q4,Q1,B
1027,TSLY,,,,Q4,Q4,
1028,IBTG,A,,5.72,Q1,Q4,
1029,SIZE,A,189.49,6.47,Q3,Q3,B
1030,XJUN,,,,Q4,Q4,
1031,FJAN,,,,Q4,Q4,
1032,GQRE,A,59.74,5.99,Q2,Q1,C
1033,FEMS,,,,Q4,Q4,F
1034,IYZ,A,23.01,6.13,Q2,Q1,B
1035,XSW,A,8.03,6.34,Q2,Q1,A
1036,BGRN,A,754.97,6.77,Q3,Q4,
1037,GNMA,,,,Q4,Q4,A
1038,RSPM,A,,,Q4,Q4,A
1039,CHIQ,BBB,59.96,5.12,Q1,Q1,B
1040,QJUN,,,,Q4,Q4,
1041,RWM,A,,5.72,Q1,Q4,
1042,EQL,A,303.39,6.55,Q3,Q4,
1043,FXU,A,,6.68,Q3,Q4,B
1044,IBMO,,,,Q4,Q4,
1045,CNYA,BB,373.28,3.18,Q1,Q4,B
1046,IGHG,A,119.95,6.66,Q3,Q2,
1047,XLSR,A,100.86,6.66,Q3,Q2,
1048,TAXF,,,,Q4,Q4,B
1049,JPEM,BBB,694.12,5.21,Q1,Q4,D
1050,GSPY,A,74.42,6.6,Q3,Q2,
1051,FLIA,A,8.34,5.97,Q2,Q1,B
1052,SMIG,BBB,189.5,5.66,Q1,Q3,B
1053,EQWL,A,151.23,6.63,Q3,Q3,A
1054,COM,,,,Q4,Q4,
1055,ESPO,A,6.96,6.1,Q2,Q1,C
1056,USD,AA,33.79,7.91,Q4,Q1,
1057,FMAR,,,,Q4,Q4,
1058,MXI,A,571.86,6.94,Q4,Q4,D
1059,BIBL,A,145.58,6.64,Q3,Q3,
1060,DDEC,,,,Q4,Q4,
1061,EZA,AA,296.22,7.37,Q4,Q4,B
1062,LGH,A,116.75,6.61,Q3,Q2,
1063,SPUS,A,65.36,6.88,Q4,Q1,C
1064,DBJP,AA,76.8,7.3,Q4,Q2,B
1065,SVXY,,,,Q4,Q4,
1066,IBHD,BBB,168.5,4.94,Q1,Q3,
1067,THD,A,727.04,6.34,Q2,Q4,B
1068,ARKX,A,47.27,6.74,Q3,Q1,C
1069,PTF,A,46.31,5.73,Q2,Q1,B
1070,PJP,A,30.23,6.16,Q2,Q1,B
1071,JNUG,BBB,448.82,5.11,Q1,Q4,F
1072,EWN,AA,35.07,8.32,Q4,Q1,B
1073,HLAL,A,80.31,6.66,Q3,Q2,A
1074,AVES,BBB,616.51,4.85,Q1,Q4,B
1075,BSJQ,BBB,422.64,4.55,Q1,Q4,C
1076,ERTH,A,144.59,7.05,Q4,Q3,
1077,JMOM,A,123.45,6.75,Q3,Q2,A
1078,CAPE,,,,Q4,Q4,
1079,SPUU,A,120.75,6.63,Q3,Q2,
1080,TMV,BBB,1.6,5.13,Q1,Q1,
1081,IXP,BBB,14.42,4.95,Q1,Q1,B
1082,BOXX,,,,Q4,Q4,A
1083,PBJ,A,78.07,6.66,Q3,Q2,B
1084,RSPF,A,,,Q4,Q4,C
1085,SMIN,,,,Q4,Q4,F
1086,XMAR,,,,Q4,Q4,
1087,JUST,A,122.87,6.9,Q4,Q2,B
1088,FSEP,,,,Q4,Q4,
1089,XCEM,A,300.19,6.21,Q2,Q4,C
1090,NBCM,,,,Q4,Q4,B
1091,PSCH,A,30.58,5.92,Q2,Q1,B
1092,PIO,AA,113.02,7.94,Q4,Q2,F
1093,DAPR,,,,Q4,Q4,
1094,ATMP,,,,Q4,Q4,
1095,FDEC,,,,Q4,Q4,
1096,FOCT,,,,Q4,Q4,
1097,IBMP,,,,Q4,Q4,
1098,BUYW,,,,Q4,Q4,
1099,LQDH,A,150.35,6.59,Q3,Q3,
1100,DJD,AA,70.47,7.4,Q4,Q2,A
1101,URTY,BBB,143.52,5.2,Q1,Q3,
1102,NUBD,A,223.52,6.33,Q2,Q3,B
1103,FNY,A,184.84,5.76,Q2,Q3,B
1104,OSCV,BBB,140.9,5.07,Q1,Q3,C
1105,DWLD,BBB,44.76,5.37,Q1,Q1,C
1106,QVMM,A,151.05,5.88,Q2,Q3,B
1107,FUMB,,,,Q4,Q4,A
1108,IAPR,,,,Q4,Q4,
1109,GTEK,A,35.45,6.7,Q3,Q1,
1110,SKOR,A,192.69,6.53,Q3,Q3,
1111,FDHY,BBB,304.25,5.31,Q1,Q4,
1112,CLRG,A,81.59,6.68,Q3,Q2,B
1113,NAIL,A,51.65,5.87,Q2,Q1,
1114,SRET,BB,,,Q4,Q4,
1115,XTN,A,458.93,6.33,Q2,Q4,A
1116,EPOL,BBB,412.98,5.47,Q1,Q4,B
1117,FEP,AA,296.33,7.23,Q4,Q4,F
1118,BCD,,,,Q4,Q4,
1119,USMF,A,122.61,6.4,Q3,Q2,
1120,HAPI,,,,Q4,Q4,
1121,DIVB,A,155.02,6.79,Q3,Q3,
1122,IBD,A,339.74,6.27,Q2,Q4,
1123,RFG,A,231.17,5.91,Q2,Q3,B
1124,CGSD,,,,Q4,Q4,A
1125,IFV,A,332.5,6.13,Q2,Q4,
1126,VSDA,A,145.48,6.93,Q4,Q3,B
1127,SMB,,,,Q4,Q4,
1128,KMLM,,,,Q4,Q4,
1129,NTSI,AA,89.1,7.81,Q4,Q2,
1130,JPMB,BB,,3.94,Q1,Q4,
1131,SGDM,A,293.45,6.97,Q4,Q4,
1132,RFV,A,160.0,5.93,Q2,Q3,A
1133,DNOV,,,,Q4,Q4,
1134,HYDW,BBB,289.44,5.56,Q1,Q4,
1135,JSCP,A,186.01,6.32,Q2,Q3,
1136,DGRS,BBB,191.86,5.13,Q1,Q3,
1137,EDEN,AA,70.05,8.0,Q4,Q2,
1138,RZV,BBB,148.84,5.58,Q1,Q3,B
1139,DBO,,,,Q4,Q4,
1140,BUFF,,,,Q4,Q4,
1141,QVAL,A,570.99,5.74,Q2,Q4,B
1142,FVC,A,266.23,6.65,Q3,Q4,
1143,HCRB,,,,Q4,Q4,
1144,UIVM,A,216.19,6.88,Q4,Q3,
1145,PBE,BBB,29.98,5.36,Q1,Q1,B
1146,FLQM,A,121.51,6.85,Q4,Q2,A
1147,FAN,AA,485.4,7.82,Q4,Q4,C
1148,TTT,A,,,Q4,Q4,
1149,NZAC,A,42.01,6.98,Q4,Q1,
1150,IGEB,A,400.97,6.41,Q3,Q4,
1151,TLTE,BBB,402.99,5.01,Q1,Q4,F
1152,MOTI,A,331.35,6.91,Q4,Q4,D
1153,VLU,A,159.72,6.32,Q2,Q3,A
1154,HYBB,BBB,354.99,5.71,Q1,Q4,B
1155,FXE,,,,Q4,Q4,B
1156,FTRI,A,534.54,6.13,Q2,Q4,D
1157,JSMD,A,108.08,5.76,Q2,Q2,B
1158,AVIV,AA,153.54,7.49,Q4,Q3,B
1159,DDWM,AA,146.36,7.46,Q4,Q3,
1160,EDIV,BBB,236.18,5.29,Q1,Q3,F
1161,PKB,A,143.27,6.19,Q2,Q3,B
1162,RECS,A,130.86,6.56,Q3,Q2,B
1163,AVSF,A,189.68,6.27,Q2,Q3,
1164,FXY,,,,Q4,Q4,B
1165,STRV,,,,Q4,Q4,
1166,FTXN,A,411.3,6.42,Q3,Q4,B
1167,KCCA,,,,Q4,Q4,
1168,ESGB,A,,,Q4,Q4,
1169,IBTH,A,,5.72,Q1,Q4,
1170,FLJH,AA,89.56,7.15,Q4,Q2,B
1171,VFQY,A,89.0,6.24,Q2,Q2,B
1172,TACK,A,377.8,5.8,Q2,Q4,
1173,JMSI,,,,Q4,Q4,
1174,KBWY,BB,60.5,3.24,Q1,Q1,B
1175,NUEM,A,161.38,6.74,Q3,Q3,C
1176,NJUL,,,,Q4,Q4,
1177,EWM,A,548.68,6.56,Q3,Q4,B
1178,GAL,A,152.91,6.4,Q3,Q3,
1179,FNK,A,197.98,5.72,Q1,Q3,B
1180,SPDN,BBB,1.6,4.92,Q1,Q1,
1181,EWMC,A,164.18,5.81,Q2,Q3,B
1182,EFAX,AA,81.46,7.75,Q4,Q2,B
1183,DFEB,,,,Q4,Q4,
1184,JMHI,,,,Q4,Q4,
1185,PALL,,,,Q4,Q4,D
1186,FLV,A,204.36,6.54,Q3,Q3,
1187,EDOW,AA,47.69,7.15,Q4,Q1,B
1188,IPO,BBB,14.97,4.8,Q1,Q1,B
1189,IGTR,,,,Q4,Q4,
1190,WDIV,A,307.94,6.74,Q3,Q4,B
1191,SCO,,,,Q4,Q4,
1192,TPLC,A,265.63,6.59,Q3,Q4,B
1193,DEF,A,183.46,6.92,Q4,Q3,B
1194,BSCU,A,220.72,6.65,Q3,Q3,A
1195,PALC,A,89.55,6.96,Q4,Q2,
1196,USVM,BBB,221.45,5.46,Q1,Q3,
1197,VEGI,A,278.11,6.88,Q4,Q4,B
1198,IBUY,BBB,9.77,5.07,Q1,Q1,B
1199,PSCE,BBB,643.56,4.35,Q1,Q4,B
1200,INDS,A,27.24,5.73,Q2,Q1,B
1201,FYC,BBB,186.92,4.83,Q1,Q3,C
1202,CVLC,,,,Q4,Q4,
1203,DFSI,,,,Q4,Q4,A
1204,XPH,A,40.57,6.22,Q2,Q1,A
1205,FLHY,BBB,488.36,4.88,Q1,Q4,C
1206,FLBL,,,,Q4,Q4,B
1207,MORT,BB,2.13,3.45,Q1,Q1,A
1208,PSP,A,39.51,5.73,Q2,Q1,
1209,VALQ,A,208.65,6.69,Q3,Q3,B
1210,PFFV,BBB,19.6,5.33,Q1,Q1,
1211,ISCB,BBB,131.85,5.4,Q1,Q2,B
1212,BTAL,,,,Q4,Q4,D
1213,FYLD,A,437.86,6.29,Q2,Q4,B
1214,FTHI,A,109.17,6.46,Q3,Q2,B
1215,SWAN,A,1.6,5.72,Q1,Q1,
1216,IDOG,AA,274.0,7.23,Q4,Q4,C
1217,QINT,AA,141.5,7.24,Q4,Q3,D
1218,FLDR,A,57.37,6.91,Q4,Q1,
1219,CSML,BBB,116.35,5.05,Q1,Q2,C
1220,AGOX,A,81.95,6.61,Q3,Q2,
1221,FNGD,,,,Q4,Q4,
1222,XBIL,,,,Q4,Q4,
1223,OPER,A,1.61,5.72,Q1,Q1,A
1224,IUS,A,107.94,6.4,Q3,Q2,A
1225,UBND,A,133.06,5.98,Q2,Q2,C
1226,UMI,A,715.0,6.21,Q2,Q4,
1227,MJ,BBB,,,Q4,Q4,D
1228,PSC,BBB,174.79,5.28,Q1,Q3,B
1229,SHE,A,112.66,6.8,Q3,Q2,
1230,VIXY,,,,Q4,Q4,C
1231,GFEB,,,,Q4,Q4,
1232,LSAT,A,117.14,6.85,Q4,Q2,C
1233,BNKU,,,,Q4,Q4,
1234,AGZD,A,258.81,6.11,Q2,Q4,
1235,DFE,A,208.76,7.12,Q4,Q3,C
1236,WFHY,BBB,233.24,5.49,Q1,Q3,B
1237,SMOG,AA,403.36,7.62,Q4,Q4,C
1238,MLPB,,,,Q4,Q4,
1239,GREK,A,524.23,6.24,Q2,Q4,C
1240,KBWP,BBB,1.42,5.01,Q1,Q1,B
1241,DOG,A,,5.72,Q1,Q4,
1242,WOOD,A,292.94,6.79,Q3,Q4,B
1243,CURE,A,12.86,6.64,Q3,Q1,
1244,QVMS,BBB,107.66,5.38,Q1,Q2,B
1245,XMPT,,,,Q4,Q4,
1246,SARK,,,,Q4,Q4,
1247,IBHE,BBB,233.65,5.19,Q1,Q3,
1248,WEAT,,,,Q4,Q4,C
1249,IEZ,A,175.83,6.04,Q2,Q3,A
1250,CZA,A,343.35,6.23,Q2,Q4,
1251,JULW,,,,Q4,Q4,
1252,EMHC,BB,753.65,3.93,Q1,Q4,
1253,PBD,A,137.02,6.53,Q3,Q3,F
1254,PFLD,BBB,178.94,5.24,Q1,Q3,
1255,TTAC,A,88.87,6.91,Q4,Q2,C
1256,KORP,A,304.17,6.67,Q3,Q4,B
1257,WWJD,AA,316.47,7.36,Q4,Q4,
1258,IQIN,AA,210.96,7.33,Q4,Q3,B
1259,GNOM,BBB,32.6,5.36,Q1,Q1,B
1260,BNDC,A,277.06,6.13,Q2,Q4,
1261,EWJV,AA,108.14,7.3,Q4,Q2,A
1262,DMAR,,,,Q4,Q4,
1263,TDV,A,26.85,7.06,Q4,Q1,B
1264,SMLV,BBB,121.92,4.91,Q1,Q2,
1265,QLV,A,234.32,6.84,Q4,Q3,B
1266,GDIV,,,,Q4,Q4,
1267,MODL,,,,Q4,Q4,
1268,PTBD,BBB,275.67,5.64,Q1,Q4,
1269,AVGE,,,,Q4,Q4,
1270,TOK,A,121.02,6.94,Q4,Q2,B
1271,SJB,,,,Q4,Q4,
1272,CGMU,,,,Q4,Q4,A
1273,PSJ,A,6.92,6.37,Q2,Q1,B
1274,QQXT,A,167.56,6.36,Q2,Q3,B
1275,LGOV,,,,Q4,Q4,B
1276,IQSI,AA,83.75,7.99,Q4,Q2,B
1277,PVAL,A,134.99,6.05,Q2,Q3,
1278,SPMO,A,158.73,6.62,Q3,Q3,A
1279,TMFM,A,31.83,6.41,Q3,Q1,C
1280,BSMO,,,,Q4,Q4,
1281,FDD,AA,228.12,7.86,Q4,Q3,D
1282,PFIX,,,,Q4,Q4,
1283,DMAY,,,,Q4,Q4,
1284,FPXI,A,148.09,6.28,Q2,Q3,D
1285,ADME,A,160.04,6.62,Q3,Q3,C
1286,SPYI,,,,Q4,Q4,
1287,PGJ,BBB,87.95,4.61,Q1,Q2,B
1288,EYLD,BBB,775.4,4.29,Q1,Q4,C
1289,FJP,A,272.37,6.91,Q4,Q4,
1290,BWZ,A,1.6,6.05,Q2,Q1,C
1291,FNGO,,,,Q4,Q4,
1292,TPHD,A,613.59,6.84,Q4,Q4,B
1293,IBHC,A,241.78,6.31,Q2,Q4,
1294,XMVM,A,249.22,5.88,Q2,Q4,B
1295,SPFF,BBB,129.12,5.57,Q1,Q2,
1296,FGRO,A,55.06,6.5,Q3,Q1,
1297,KARS,A,97.76,6.28,Q2,Q2,
1298,DJAN,,,,Q4,Q4,
1299,TUR,BB,,4.24,Q1,Q4,B
1300,UGL,,,,Q4,Q4,F
1301,DDLS,A,184.21,6.27,Q2,Q3,
1302,XEMD,,,,Q4,Q4,
1303,BSCV,A,332.27,6.7,Q3,Q4,C
1304,TAFI,,,,Q4,Q4,A
1305,SIXA,A,71.3,6.73,Q3,Q2,C
1306,IMFL,AA,106.03,7.66,Q4,Q2,F
1307,PRNT,A,35.41,6.73,Q3,Q1,
1308,IBDX,,,,Q4,Q4,
1309,DFJ,BBB,130.24,5.01,Q1,Q2,B
1310,IMTB,,,,Q4,Q4,
1311,GSCE,,,,Q4,Q4,
1312,ULVM,A,130.37,6.53,Q3,Q2,
1313,IDHQ,AA,109.46,7.74,Q4,Q2,
1314,ETHO,A,65.94,6.42,Q3,Q1,
1315,HYDB,BBB,393.05,5.04,Q1,Q4,
1316,BUFG,,,,Q4,Q4,
1317,FLTW,A,247.43,6.29,Q2,Q4,C
1318,FLTB,A,235.46,6.32,Q2,Q3,B
1319,IBMQ,,,,Q4,Q4,
1320,ESG,A,58.33,6.73,Q3,Q1,
1321,QMAR,,,,Q4,Q4,
1322,KAPR,,,,Q4,Q4,
1323,FAAR,BBB,1.6,4.9,Q1,Q1,C
1324,USCI,,,,Q4,Q4,F
1325,XVV,A,77.48,6.74,Q3,Q2,A
1326,PGHY,BBB,423.43,4.61,Q1,Q4,
1327,HERO,BBB,5.32,5.55,Q1,Q1,
1328,FDG,A,16.47,6.51,Q3,Q1,
1329,BRNY,,,,Q4,Q4,
1330,APUE,,,,Q4,Q4,
1331,FAD,A,174.7,6.01,Q2,Q3,C
1332,DJUL,,,,Q4,Q4,
1333,HAWX,A,174.1,7.09,Q4,Q3,
1334,SLVP,BBB,287.26,4.92,Q1,Q4,B
1335,AUSF,A,119.11,6.4,Q3,Q2,B
1336,FTSD,,,,Q4,Q4,B
1337,IJUL,,,,Q4,Q4,
1338,TAIL,A,,,Q4,Q4,
1339,UWM,BBB,143.55,5.2,Q1,Q3,
1340,EWZS,BBB,273.73,4.39,Q1,Q4,B
1341,WEBL,BBB,9.8,5.48,Q1,Q1,
1342,UEVM,BBB,428.47,5.14,Q1,Q4,
1343,DFNL,BBB,26.54,5.57,Q1,Q1,C
1344,HCMT,,,,Q4,Q4,
1345,GCC,,,,Q4,Q4,C
1346,KJAN,,,,Q4,Q4,
1347,FISR,A,312.55,5.93,Q2,Q4,
1348,VTES,,,,Q4,Q4,
1349,IBND,AA,69.43,7.28,Q4,Q2,C
1350,VFMF,A,154.29,5.94,Q2,Q3,B
1351,LSAF,A,334.35,6.43,Q3,Q4,
1352,PHDG,A,122.24,6.67,Q3,Q2,B
1353,HEWJ,AA,77.78,7.34,Q4,Q2,
1354,WINN,A,29.8,6.93,Q4,Q1,
1355,FAB,A,253.9,6.09,Q2,Q4,C
1356,QTUM,AA,50.64,7.31,Q4,Q1,B
1357,FYT,BBB,133.83,5.09,Q1,Q3,C
1358,GMOM,A,387.81,6.36,Q2,Q4,
1359,GAPR,,,,Q4,Q4,
1360,BNO,,,,Q4,Q4,
1361,USDU,A,,5.72,Q1,Q4,
1362,FCOR,A,349.92,6.16,Q2,Q4,B
1363,GSFP,AA,279.72,7.8,Q4,Q4,
1364,BAPR,,,,Q4,Q4,
1365,DJUN,,,,Q4,Q4,
1366,DBND,A,,,Q4,Q4,
1367,DBB,,,,Q4,Q4,B
1368,AVSU,A,37.98,6.56,Q3,Q1,A
1369,FUNL,A,180.01,6.56,Q3,Q3,
1370,CGMS,,,,Q4,Q4,B
1371,LONZ,,,,Q4,Q4,
1372,ISVL,A,164.73,6.75,Q3,Q3,
1373,PSFF,,,,Q4,Q4,
1374,BSMP,,,,Q4,Q4,
1375,DBP,,,,Q4,Q4,
1376,FMF,BBB,1.6,4.92,Q1,Q1,D
1377,KJUL,,,,Q4,Q4,
1378,PFUT,A,55.82,6.74,Q3,Q1,
1379,ESGG,A,76.23,7.14,Q4,Q2,
1380,FXF,,,,Q4,Q4,B
1381,XSMO,BBB,204.91,5.08,Q1,Q3,B
1382,ISMD,BBB,120.12,5.51,Q1,Q2,
1383,PTH,BBB,33.34,5.71,Q1,Q1,B
1384,FDM,BB,143.5,4.03,Q1,Q3,C
1385,CAOS,,,,Q4,Q4,
1386,PIE,BBB,179.71,5.03,Q1,Q3,F
1387,FLLV,A,188.0,6.97,Q4,Q3,B
1388,DINT,A,26.25,7.12,Q4,Q1,C
1389,UJUL,,,,Q4,Q4,
1390,BJAN,,,,Q4,Q4,
1391,GBUY,A,121.29,6.44,Q3,Q2,
1392,NVDL,,,,Q4,Q4,
1393,DFEN,A,29.58,5.9,Q2,Q1,
1394,TBF,A,,,Q4,Q4,
1395,DGT,A,169.23,6.9,Q4,Q3,B
1396,BLES,A,266.07,6.85,Q4,Q4,
1397,SMOT,,,,Q4,Q4,
1398,DEHP,BBB,301.1,5.32,Q1,Q4,B
1399,BATT,A,215.33,6.04,Q2,Q3,C
1400,ONEO,A,210.95,6.59,Q3,Q3,B
1401,MUSI,A,215.44,5.92,Q2,Q3,
1402,PXE,A,455.59,6.11,Q2,Q4,B
1403,TUG,,,,Q4,Q4,
1404,PYZ,A,533.27,6.01,Q2,Q4,B
1405,DFSE,,,,Q4,Q4,C
1406,SRTY,A,,,Q4,Q4,
1407,DSEP,,,,Q4,Q4,
1408,SCMB,,,,Q4,Q4,
1409,DALI,A,405.11,6.0,Q2,Q4,
1410,GBF,A,299.65,6.1,Q2,Q4,B
1411,IJAN,,,,Q4,Q4,
1412,DVAL,,,,Q4,Q4,C
1413,IETC,A,19.46,7.1,Q4,Q1,B
1414,RTH,A,20.9,6.52,Q3,Q1,
1415,WTAI,A,47.32,6.67,Q3,Q1,
1416,NAPR,,,,Q4,Q4,
1417,OVL,A,121.84,6.67,Q3,Q2,
1418,LRGE,A,53.9,7.05,Q4,Q1,C
1419,GJAN,,,,Q4,Q4,
1420,BOCT,,,,Q4,Q4,
1421,GDMA,A,212.24,5.72,Q1,Q3,
1422,BSEP,,,,Q4,Q4,
1423,QMOM,A,251.82,5.74,Q2,Q4,B
1424,ECML,,,,Q4,Q4,
1425,KCE,BBB,3.06,5.08,Q1,Q1,B
1426,FCPI,A,153.49,6.48,Q3,Q3,A
1427,STXE,,,,Q4,Q4,
1428,FEMB,BBB,2.29,4.98,Q1,Q1,C
1429,JSML,BBB,105.42,4.79,Q1,Q2,B
1430,FDMO,A,92.16,6.39,Q3,Q2,B
1431,APRW,,,,Q4,Q4,
1432,FBGX,,,,Q4,Q4,
1433,IVAL,A,370.64,7.06,Q4,Q4,C
1434,EMNT,AA,37.34,7.27,Q4,Q1,B
1435,PRN,A,95.83,6.69,Q3,Q2,B
1436,FCAL,,,,Q4,Q4,C
1437,QLC,A,146.83,6.65,Q3,Q3,B
1438,FCTR,A,97.46,6.28,Q2,Q2,B
1439,KOLD,,,,Q4,Q4,
1440,OGIG,A,,,Q4,Q4,
1441,LDSF,,,,Q4,Q4,
1442,MFDX,AA,180.78,7.3,Q4,Q3,F
1443,GVLU,,,,Q4,Q4,
1444,XCOR,,,,Q4,Q4,
1445,ESGA,AA,111.76,7.33,Q4,Q2,
1446,SQEW,BBB,245.38,5.66,Q1,Q4,C
1447,DOCT,,,,Q4,Q4,
1448,ENZL,AA,160.57,7.51,Q4,Q3,C
1449,MSTB,A,122.25,6.36,Q2,Q2,
1450,BSMN,,,,Q4,Q4,
1451,USNZ,,,,Q4,Q4,
1452,HYZD,BBB,230.83,5.44,Q1,Q3,
1453,SIXL,A,377.32,5.87,Q2,Q4,C
1454,JXI,AA,,7.45,Q4,Q4,
1455,TOLZ,AA,404.09,7.22,Q4,Q4,C
1456,HTAB,,,,Q4,Q4,B
1457,WTMF,A,,5.72,Q1,Q4,C
1458,QDPL,A,122.46,6.58,Q3,Q2,
1459,JSTC,A,37.47,6.79,Q3,Q1,D
1460,IDNA,BBB,28.82,5.17,Q1,Q1,B
1461,MVV,A,153.55,5.89,Q2,Q3,
1462,EIPX,,,,Q4,Q4,
1463,COMB,,,,Q4,Q4,B
1464,TSME,,,,Q4,Q4,
1465,WTV,A,159.63,6.32,Q2,Q3,B
1466,FTXO,A,6.96,5.72,Q1,Q1,B
1467,IQSM,,,,Q4,Q4,
1468,GVIP,A,52.75,6.07,Q2,Q1,
1469,FAZ,BBB,1.6,5.44,Q1,Q1,
1470,SOCL,BBB,9.99,4.75,Q1,Q1,D
1471,BFOR,A,173.5,5.93,Q2,Q3,C
1472,CLSM,A,33.33,6.13,Q2,Q1,
1473,DEUS,A,212.64,6.63,Q3,Q3,B
1474,BMAY,,,,Q4,Q4,
1475,CPER,,,,Q4,Q4,C
1476,DIM,AA,222.2,7.28,Q4,Q3,
1477,GVAL,A,457.63,6.88,Q4,Q4,D
1478,MINV,,,,Q4,Q4,
1479,HYGH,BBB,280.68,5.26,Q1,Q4,
1480,PIZ,A,106.62,7.09,Q4,Q2,F
1481,SOXQ,AA,56.78,7.67,Q4,Q1,A
1482,IYLD,A,257.1,5.83,Q2,Q4,
1483,PTIN,AA,122.05,7.62,Q4,Q2,
1484,GHYG,BBB,243.49,5.47,Q1,Q4,C
1485,GOVZ,A,,5.72,Q1,Q4,
1486,IFGL,A,67.89,6.65,Q3,Q2,C
1487,FNGS,,,,Q4,Q4,
1488,UAPR,,,,Q4,Q4,
1489,DBAW,A,177.49,7.06,Q4,Q3,C
1490,HAP,A,412.67,6.71,Q3,Q4,D
1491,PSCI,A,86.94,6.16,Q2,Q2,B
1492,NRGD,,,,Q4,Q4,
1493,HEEM,BBB,321.57,5.54,Q1,Q4,
1494,QDEC,,,,Q4,Q4,
1495,UJAN,,,,Q4,Q4,
1496,HKND,A,52.9,6.76,Q3,Q1,
1497,BAUG,,,,Q4,Q4,
1498,KLDW,A,139.67,7.04,Q4,Q3,C
1499,PPIE,,,,Q4,Q4,
1500,OCIO,A,128.34,6.6,Q3,Q2,
1501,HEGD,A,122.2,6.68,Q3,Q2,
1502,DFSB,,,,Q4,Q4,
1503,FSZ,AA,162.89,7.36,Q4,Q3,F
1504,BRZU,BBB,241.1,5.07,Q1,Q4,
1505,PIN,BBB,577.36,5.26,Q1,Q4,F
1506,GMAR,,,,Q4,Q4,
1507,FLRT,,,,Q4,Q4,C
1508,GMAY,,,,Q4,Q4,
1509,MFUS,A,119.64,6.54,Q3,Q2,B
1510,FBCV,A,272.82,6.32,Q2,Q4,
1511,DUST,BBB,1.6,4.99,Q1,Q1,
1512,RYJ,BBB,123.07,5.58,Q1,Q2,C
1513,FLBR,BBB,339.87,4.89,Q1,Q4,C
1514,IEUS,A,122.9,7.04,Q4,Q2,C
1515,TEQI,A,323.15,6.34,Q2,Q4,C
1516,STOT,,,,Q4,Q4,
1517,FRI,BBB,90.3,5.6,Q1,Q2,B
1518,BUFQ,,,,Q4,Q4,
1519,CHGX,A,25.91,6.94,Q4,Q1,
1520,PULT,,,,Q4,Q4,
1521,PPTY,BBB,151.17,5.25,Q1,Q3,
1522,HYBL,BBB,195.35,5.6,Q1,Q3,
1523,BBLU,,,,Q4,Q4,
1524,SLVO,,,,Q4,Q4,
1525,DIG,A,378.94,6.26,Q2,Q4,
1526,VSMV,A,136.35,6.77,Q3,Q3,B
1527,ENFR,A,762.14,6.26,Q2,Q4,
1528,YANG,BBB,1.6,5.32,Q1,Q1,
1529,BJUN,,,,Q4,Q4,
1530,EIS,A,97.03,5.96,Q2,Q2,C
1531,BINC,,,,Q4,Q4,
1532,SLX,BBB,717.74,5.44,Q1,Q4,
1533,GLOF,AA,,,Q4,Q4,C
1534,TIPZ,A,,5.72,Q1,Q4,
1535,HAPS,,,,Q4,Q4,
1536,TRTY,A,379.49,5.82,Q2,Q4,
1537,TSLQ,,,,Q4,Q4,
1538,MJUS,BBB,34.02,4.69,Q1,Q1,D
1539,TDSB,A,101.95,5.92,Q2,Q2,
1540,GDXU,,,,Q4,Q4,
1541,SPSK,BBB,,4.38,Q1,Q4,
1542,CEFS,,,,Q4,Q4,
1543,RFDI,AA,106.57,7.62,Q4,Q2,C
1544,FSMD,BBB,151.91,5.5,Q1,Q3,B
1545,SRHQ,,,,Q4,Q4,
1546,NFTY,BBB,654.34,4.82,Q1,Q4,
1547,HYHG,BBB,386.4,5.04,Q1,Q4,
1548,AESR,A,60.58,6.68,Q3,Q1,
1549,PICB,AA,107.69,7.51,Q4,Q2,C
1550,EDOC,A,14.91,5.98,Q2,Q1,
1551,DRV,BBB,1.6,5.29,Q1,Q1,
1552,BETZ,A,34.96,6.5,Q3,Q1,
1553,SCJ,BBB,139.22,5.29,Q1,Q3,B
1554,IBTI,A,,5.72,Q1,Q4,
1555,DEW,A,304.29,6.69,Q3,Q4,C
1556,BSCW,,,,Q4,Q4,
1557,HYXF,A,144.54,6.0,Q2,Q3,
1558,TECS,BBB,1.6,5.31,Q1,Q1,F
1559,EPU,BBB,254.87,4.73,Q1,Q4,D
1560,AIEQ,A,62.95,6.79,Q3,Q1,C
1561,GTIP,A,1.6,5.72,Q1,Q1,
1562,PSL,A,50.25,6.02,Q2,Q1,B
1563,AFIF,BBB,118.2,5.3,Q1,Q2,D
1564,AWAY,A,34.13,5.93,Q2,Q1,D
1565,CORN,,,,Q4,Q4,C
1566,RVNU,,,,Q4,Q4,B
1567,FLEE,AA,99.31,7.89,Q4,Q2,B
1568,BUFT,,,,Q4,Q4,
1569,NETZ,A,325.99,6.74,Q3,Q4,C
1570,FBOT,,,,Q4,Q4,
1571,SIHY,BBB,222.59,5.43,Q1,Q3,
1572,GDOC,A,21.6,7.02,Q4,Q1,
1573,SPD,A,122.41,6.68,Q3,Q2,
1574,FILL,A,413.43,6.22,Q2,Q4,C
1575,EJUL,,,,Q4,Q4,
1576,EMBD,BB,,4.13,Q1,Q4,
1577,EPRF,BBB,5.94,5.64,Q1,Q1,
1578,BKHY,BBB,284.91,5.28,Q1,Q4,
1579,TCAF,,,,Q4,Q4,
1580,FWD,,,,Q4,Q4,
1581,CGV,,,,Q4,Q4,F
1582,FFTY,BBB,209.44,5.07,Q1,Q3,
1583,INCO,BBB,83.66,5.39,Q1,Q2,F
1584,TAGG,A,228.41,6.07,Q2,Q3,B
1585,PSR,BBB,88.64,5.64,Q1,Q2,B
1586,HDGE,BBB,,,Q4,Q4,
1587,OBIL,,,,Q4,Q4,
1588,DTEC,A,48.41,6.86,Q4,Q1,
1589,OWNS,,,,Q4,Q4,C
1590,CACG,A,23.98,6.84,Q4,Q1,C
1591,CTA,,,,Q4,Q4,
1592,FLMI,,,,Q4,Q4,C
1593,SHDG,,,,Q4,Q4,
1594,TBUX,A,314.98,6.27,Q2,Q4,B
1595,FLMB,,,,Q4,Q4,C
1596,XHS,A,22.29,6.71,Q3,Q1,B
1597,BDEC,,,,Q4,Q4,
1598,BFEB,,,,Q4,Q4,
1599,BSMQ,,,,Q4,Q4,
1600,XJH,A,102.65,5.88,Q2,Q2,B
1601,FLCH,BBB,254.05,4.75,Q1,Q4,B
1602,LEGR,AA,38.23,7.29,Q4,Q1,
1603,SBIO,BBB,39.89,5.17,Q1,Q1,F
1604,RPHS,AA,,,Q4,Q4,
1605,HEQT,A,122.41,6.68,Q3,Q2,
1606,BKSE,BBB,146.91,5.58,Q1,Q3,
1607,OACP,,,,Q4,Q4,
1608,BITQ,BB,,,Q4,Q4,
1609,MILN,BBB,19.66,5.49,Q1,Q1,B
1610,DECW,,,,Q4,Q4,
1611,ONLN,BBB,20.56,5.03,Q1,Q1,
1612,CSHI,,,,Q4,Q4,
1613,THLV,,,,Q4,Q4,
1614,YLD,BBB,417.7,5.28,Q1,Q4,
1615,DYLD,A,54.21,6.15,Q2,Q1,
1616,PHYD,,,,Q4,Q4,
1617,FCVT,A,189.3,5.75,Q2,Q3,D
1618,UCRD,A,354.09,6.81,Q3,Q4,C
1619,XITK,BBB,13.98,5.13,Q1,Q1,C
1620,DGRE,BBB,334.92,5.51,Q1,Q4,C
1621,FDTX,,,,Q4,Q4,
1622,EPHE,BB,,4.2,Q1,Q4,B
1623,NZUS,A,31.15,6.78,Q3,Q1,
1624,ELD,BBB,2.49,5.03,Q1,Q1,D
1625,AVSD,AA,50.64,7.49,Q4,Q1,B
1626,TOTR,,,,Q4,Q4,C
1627,BKCH,BB,,,Q4,Q4,
1628,RSPR,A,,,Q4,Q4,B
1629,RIGS,BBB,464.37,5.58,Q1,Q4,C
1630,QSPT,,,,Q4,Q4,
1631,ACTV,A,114.97,6.51,Q3,Q2,C
1632,BMAR,,,,Q4,Q4,
1633,CLOI,,,,Q4,Q4,
1634,TDSD,A,76.37,6.11,Q2,Q2,
1635,FMIL,A,150.94,6.43,Q3,Q3,
1636,NUHY,A,157.46,6.25,Q2,Q3,C
1637,QIS,,,,Q4,Q4,
1638,PTRB,,,,Q4,Q4,
1639,DYTA,,,,Q4,Q4,
1640,SGDJ,BBB,478.43,5.35,Q1,Q4,
1641,JDST,BBB,1.6,5.01,Q1,Q1,
1642,OCTW,,,,Q4,Q4,
1643,INCM,,,,Q4,Q4,
1644,ITEQ,A,39.28,6.03,Q2,Q1,D
1645,NVDS,,,,Q4,Q4,
1646,DEIF,A,74.77,6.97,Q4,Q2,C
1647,SIO,,,,Q4,Q4,
1648,PIFI,A,214.04,6.06,Q2,Q3,C
1649,OVLH,A,120.92,6.64,Q3,Q2,
1650,JBBB,,,,Q4,Q4,
1651,EIRL,AA,350.5,8.14,Q4,Q4,
1652,CTEC,A,330.51,6.39,Q3,Q4,
1653,PHYL,BBB,570.33,4.9,Q1,Q4,C
1654,JOET,A,88.42,6.83,Q4,Q2,
1655,BSJR,BBB,281.38,5.0,Q1,Q4,C
1656,JPXN,AA,89.11,7.22,Q4,Q2,
1657,INTL,,,,Q4,Q4,
1658,YJUN,,,,Q4,Q4,
1659,SPVU,A,119.39,6.37,Q2,Q2,A
1660,TWM,A,,5.72,Q1,Q4,
1661,DMBS,,,,Q4,Q4,
1662,GOAU,A,397.34,6.7,Q3,Q4,
1663,IZRL,,,,Q4,Q4,D
1664,PBP,A,122.4,6.68,Q3,Q2,B
1665,PRFD,,,,Q4,Q4,
1666,TMAT,A,67.59,5.92,Q2,Q2,
1667,SURI,,,,Q4,Q4,
1668,APCB,,,,Q4,Q4,
1669,FLN,BBB,311.62,4.88,Q1,Q4,F
1670,SHAG,A,134.69,6.05,Q2,Q3,B
1671,MOHR,A,167.66,5.82,Q2,Q3,
1672,PAWZ,AA,26.11,7.79,Q4,Q1,D
1673,CVY,BBB,350.26,5.62,Q1,Q4,
1674,GHYB,BBB,381.12,5.16,Q1,Q4,
1675,PUTW,A,,5.72,Q1,Q4,
1676,RZG,BBB,164.7,4.74,Q1,Q3,B
1677,ABEQ,A,147.4,6.15,Q2,Q3,
1678,FDIF,,,,Q4,Q4,
1679,SSPY,A,180.2,6.61,Q3,Q3,
1680,HUSV,A,204.09,6.62,Q3,Q3,C
1681,LQDW,,,,Q4,Q4,
1682,DURA,A,410.53,6.85,Q4,Q4,B
1683,XSEP,,,,Q4,Q4,
1684,HYLD,BBB,635.3,4.61,Q1,Q4,D
1685,HSCZ,A,154.6,6.35,Q2,Q3,
1686,BKEM,BBB,325.73,5.68,Q1,Q4,
1687,BNOV,,,,Q4,Q4,
1688,IBHF,BBB,383.3,4.75,Q1,Q4,
1689,PWC,A,114.79,5.97,Q2,Q2,C
1690,HFGO,A,28.92,6.61,Q3,Q1,
1691,EFAD,AA,117.57,7.5,Q4,Q2,B
1692,JANW,,,,Q4,Q4,
1693,IOCT,,,,Q4,Q4,
1694,RAAX,AA,,,Q4,Q4,D
1695,HTEC,A,21.56,6.06,Q2,Q1,
1696,SIXJ,,,,Q4,Q4,
1697,EDC,BBB,132.0,5.39,Q1,Q2,
1698,MFEM,BBB,507.37,5.16,Q1,Q4,F
1699,BIB,A,21.69,6.21,Q2,Q1,
1700,DBEM,BBB,321.65,5.46,Q1,Q4,F
1701,LABD,BBB,1.6,5.42,Q1,Q1,
1702,JIG,AA,128.41,7.78,Q4,Q2,C
1703,OILK,,,,Q4,Q4,
1704,NETL,BB,63.69,3.62,Q1,Q1,C
1705,RISN,A,84.34,6.26,Q2,Q2,
1706,QQQN,A,132.79,6.5,Q3,Q2,B
1707,FXB,,,,Q4,Q4,B
1708,TPIF,AA,173.64,7.5,Q4,Q3,F
1709,DWUS,A,169.43,6.69,Q3,Q3,
1710,PZT,,,,Q4,Q4,C
1711,MAYW,,,,Q4,Q4,
1712,EJAN,,,,Q4,Q4,
1713,XTWO,,,,Q4,Q4,
1714,CIL,AA,149.09,7.53,Q4,Q3,C
1715,FIDI,AA,200.38,7.47,Q4,Q3,B
1716,ONOF,A,116.09,6.66,Q3,Q2,
1717,UYLD,,,,Q4,Q4,
1718,UOCT,,,,Q4,Q4,
1719,MGMT,BBB,364.07,5.49,Q1,Q4,D
1720,SVAL,BBB,153.01,4.84,Q1,Q3,
1721,VALT,A,333.39,5.98,Q2,Q4,
1722,VFMV,A,106.08,5.89,Q2,Q2,B
1723,PSCC,BB,74.59,4.16,Q1,Q2,B
1724,RXL,A,12.87,7.01,Q4,Q1,
1725,DXD,,,,Q4,Q4,
1726,OAIM,,,,Q4,Q4,
1727,IIGD,A,320.65,6.63,Q3,Q4,B
1728,CHAT,,,,Q4,Q4,
1729,QWLD,A,132.9,7.08,Q4,Q2,B
1730,BSMR,,,,Q4,Q4,
1731,EVX,A,493.66,6.02,Q2,Q4,
1732,DWAW,A,199.15,6.5,Q3,Q3,
1733,KGRN,A,350.0,6.06,Q2,Q4,F
1734,PXI,BBB,461.61,5.41,Q1,Q4,B
1735,MFUL,A,224.33,5.77,Q2,Q3,
1736,IBTK,A,,5.72,Q1,Q4,
1737,NJAN,,,,Q4,Q4,
1738,IQHI,,,,Q4,Q4,
1739,RAYC,BB,119.82,3.33,Q1,Q2,D
1740,MMTM,A,114.9,6.65,Q3,Q2,B
1741,QYLG,A,46.67,6.71,Q3,Q1,
1742,UJUN,,,,Q4,Q4,
1743,FLSP,,,,Q4,Q4,
1744,IBTM,,,,Q4,Q4,
1745,SPRE,A,80.46,6.47,Q3,Q2,
1746,UAUG,,,,Q4,Q4,
1747,HGER,,,,Q4,Q4,
1748,BYLD,A,225.95,6.01,Q2,Q3,
1749,IMOM,A,264.09,6.87,Q4,Q4,C
1750,UMAY,,,,Q4,Q4,
1751,PBTP,A,,5.72,Q1,Q4,B
1752,DGP,,,,Q4,Q4,
1753,FMCX,A,103.57,6.12,Q2,Q2,
1754,FXC,,,,Q4,Q4,B
1755,DEED,,,,Q4,Q4,C
1756,SGLC,,,,Q4,Q4,
1757,DJIA,A,31.18,7.13,Q4,Q1,
1758,DBE,,,,Q4,Q4,
1759,AVMU,,,,Q4,Q4,B
1760,RFDA,A,307.5,6.4,Q3,Q4,C
1761,FID,A,358.62,6.75,Q3,Q4,F
1762,SHYL,BBB,373.68,4.97,Q1,Q4,
1763,TPSC,BBB,145.28,5.34,Q1,Q3,C
1764,DRIP,BBB,1.6,5.18,Q1,Q1,
1765,EEMX,A,241.93,5.72,Q1,Q4,C
1766,EMTL,BBB,766.63,5.46,Q1,Q4,
1767,BNDD,A,,5.72,Q1,Q4,C
1768,NXTE,,,,Q4,Q4,D
1769,MINO,,,,Q4,Q4,
1770,CSF,BBB,142.84,5.37,Q1,Q3,B
1771,UGA,,,,Q4,Q4,
1772,HIBL,A,120.08,6.06,Q2,Q2,
1773,BLCN,A,19.5,6.23,Q2,Q1,
1774,XBJL,,,,Q4,Q4,
1775,IGLD,BBB,1.6,5.71,Q1,Q1,
1776,ISHG,A,,6.51,Q3,Q4,
1777,UDN,,,,Q4,Q4,
1778,UDEC,,,,Q4,Q4,
1779,QDIV,AA,188.92,7.24,Q4,Q3,
1780,USL,,,,Q4,Q4,
1781,SEIX,,,,Q4,Q4,C
1782,XBAP,,,,Q4,Q4,
1783,GLDI,,,,Q4,Q4,
1784,FFTI,A,271.89,5.85,Q2,Q4,
1785,UVIX,,,,Q4,Q4,
1786,BKCI,AA,230.86,7.9,Q4,Q3,
1787,APIE,,,,Q4,Q4,
1788,AMNA,,,,Q4,Q4,
1789,IBTL,A,,5.72,Q1,Q4,
1790,KURE,BBB,69.17,4.6,Q1,Q2,F
1791,GRNB,A,742.17,6.66,Q3,Q4,C
1792,IQDY,AA,191.6,7.2,Q4,Q3,F
1793,IBTJ,A,,5.72,Q1,Q4,
1794,PSTP,,,,Q4,Q4,
1795,CWS,A,42.56,6.42,Q3,Q1,C
1796,MPRO,A,499.76,6.53,Q3,Q4,
1797,VEGN,A,22.25,7.06,Q4,Q1,
1798,HYFI,,,,Q4,Q4,
1799,CLOZ,,,,Q4,Q4,C
1800,ACSI,A,153.1,6.45,Q3,Q3,
1801,AIVI,AA,216.59,7.65,Q4,Q3,C
1802,MBSD,,,,Q4,Q4,C
1803,HDUS,,,,Q4,Q4,
1804,QABA,BB,4.82,4.05,Q1,Q1,B
1805,SPYC,A,122.41,6.68,Q3,Q2,
1806,XOUT,A,43.07,6.8,Q3,Q1,C
1807,TPHE,A,613.58,6.84,Q4,Q4,C
1808,UPAR,A,268.08,5.96,Q2,Q4,
1809,TMFS,BBB,29.31,5.67,Q1,Q1,
1810,BITI,,,,Q4,Q4,
1811,TBJL,,,,Q4,Q4,D
1812,RESP,A,61.14,6.96,Q4,Q1,C
1813,SVIX,,,,Q4,Q4,
1814,INKM,A,328.17,5.91,Q2,Q4,
1815,FICS,AA,97.16,7.56,Q4,Q2,
1816,BKF,BBB,338.62,5.0,Q1,Q4,F
1817,ARGT,A,,5.79,Q2,Q4,B
1818,CLIP,,,,Q4,Q4,
1819,FFHG,A,151.85,6.0,Q2,Q3,
1820,TDSE,A,110.54,6.26,Q2,Q2,
1821,QAT,BB,869.47,3.43,Q1,Q4,F
1822,QLVD,AA,113.76,7.48,Q4,Q2,
1823,MBOX,A,119.18,6.87,Q4,Q2,B
1824,ARB,A,50.99,6.12,Q2,Q1,
1825,DALT,A,167.0,6.19,Q2,Q3,
1826,XBJA,,,,Q4,Q4,
1827,NOCT,,,,Q4,Q4,
1828,EUDG,AA,83.69,7.86,Q4,Q2,C
1829,UFEB,,,,Q4,Q4,
1830,AMUB,,,,Q4,Q4,
1831,MARB,A,67.87,5.85,Q2,Q2,
1832,ECON,A,62.26,5.75,Q2,Q1,D
1833,MIDU,A,146.8,5.76,Q2,Q3,
1834,SPDV,A,206.75,6.73,Q3,Q3,
1835,PYLD,,,,Q4,Q4,
1836,FXA,,,,Q4,Q4,C
1837,USEP,,,,Q4,Q4,
1838,LCR,A,87.33,6.2,Q2,Q2,
1839,IGN,A,12.26,6.7,Q3,Q1,B
1840,JUNW,,,,Q4,Q4,
1841,LEXI,A,104.74,6.89,Q4,Q2,
1842,JULT,,,,Q4,Q4,
1843,PINK,A,24.01,6.72,Q3,Q1,B
1844,FGDL,,,,Q4,Q4,B
1845,BSMS,,,,Q4,Q4,
1846,YMAR,,,,Q4,Q4,
1847,SAMT,A,187.36,6.89,Q4,Q3,
1848,EAPR,,,,Q4,Q4,
1849,URE,A,93.74,6.95,Q4,Q2,
1850,TIME,A,21.01,6.1,Q2,Q1,D
1851,FEBW,,,,Q4,Q4,
1852,DIVZ,A,393.59,6.09,Q2,Q4,
1853,XYLG,A,123.29,6.69,Q3,Q2,
1854,FLLA,BBB,300.37,5.09,Q1,Q4,B
1855,MRSK,,,,Q4,Q4,
1856,YDEC,,,,Q4,Q4,
1857,PFRL,,,,Q4,Q4,
1858,LCG,A,46.87,6.81,Q3,Q1,C
1859,SIXS,BBB,155.31,4.46,Q1,Q3,D
1860,SPC,,,,Q4,Q4,
1861,BJK,A,84.39,5.9,Q2,Q2,C
1862,KBWR,BBB,4.91,4.34,Q1,Q1,C
1863,LBAY,A,212.25,6.26,Q2,Q3,D
1864,MKOR,,,,Q4,Q4,
1865,UMAR,,,,Q4,Q4,
1866,IPKW,A,212.79,6.32,Q2,Q3,F
1867,GTR,,,,Q4,Q4,
1868,ZECP,A,212.05,7.01,Q4,Q3,C
1869,NLR,A,840.46,5.92,Q2,Q4,C
1870,RNRG,AA,415.98,7.5,Q4,Q4,
1871,BUZZ,BBB,52.11,5.7,Q1,Q1,
1872,SZNE,A,36.01,7.13,Q4,Q1,
1873,TPLE,A,265.59,6.59,Q3,Q4,C
1874,IDUB,A,,,Q4,Q4,
1875,PPI,A,427.84,6.87,Q4,Q4,
1876,FDV,,,,Q4,Q4,
1877,MEM,,,,Q4,Q4,
1878,DAPP,,,,Q4,Q4,
1879,RETL,A,20.61,5.99,Q2,Q1,
1880,HERD,A,257.52,6.48,Q3,Q4,
1881,FFIU,A,121.99,6.01,Q2,Q2,D
1882,FDLS,,,,Q4,Q4,
1883,OILU,,,,Q4,Q4,
1884,PFFR,BB,64.03,3.96,Q1,Q1,
1885,INDL,BBB,456.52,5.32,Q1,Q4,
1886,BTC,A,,,Q4,Q4,
1887,SFYX,A,182.97,5.8,Q2,Q3,B
1888,DEEF,AA,228.75,7.17,Q4,Q3,C
1889,FTXR,A,202.21,6.73,Q3,Q3,C
1890,WBIY,A,239.41,6.28,Q2,Q4,D
1891,OVT,A,174.88,6.67,Q3,Q3,
1892,QVOY,,,,Q4,Q4,
1893,CHAU,BBB,252.47,4.49,Q1,Q4,
1894,LQDI,A,150.35,6.6,Q3,Q3,
1895,ECOW,BBB,606.85,4.94,Q1,Q4,F
1896,KWT,BB,319.7,3.55,Q1,Q4,
1897,HYMU,,,,Q4,Q4,C
1898,KOCT,,,,Q4,Q4,
1899,AMTR,,,,Q4,Q4,
1900,ECNS,,,,Q4,Q4,F
1901,UBT,A,,,Q4,Q4,
1902,CLSA,A,106.7,6.1,Q2,Q2,
1903,DVOL,A,102.58,5.93,Q2,Q2,C
1904,ZSL,,,,Q4,Q4,
1905,DAX,AA,131.97,7.39,Q4,Q2,
1906,FTQI,A,,,Q4,Q4,C
1907,EPV,,,,Q4,Q4,
1908,BSJS,BBB,240.89,5.09,Q1,Q4,D
1909,FIBR,A,225.47,6.44,Q3,Q3,
1910,NFLT,BBB,,,Q4,Q4,C
1911,IFED,,,,Q4,Q4,
1912,GLIN,BBB,194.46,5.23,Q1,Q3,
1913,WBIG,A,17.36,6.03,Q2,Q1,
1914,HAIL,A,85.9,6.65,Q3,Q2,C
1915,EMXF,A,121.34,6.59,Q3,Q2,
1916,HFND,,,,Q4,Q4,
1917,EUSC,AA,163.07,7.16,Q4,Q3,C
1918,RSPC,BBB,,,Q4,Q4,B
1919,NORW,AA,247.93,8.01,Q4,Q4,D
1920,ISRA,A,73.27,5.8,Q2,Q2,F
1921,HIPS,BB,,,Q4,Q4,
1922,KLIP,,,,Q4,Q4,
1923,CVIE,,,,Q4,Q4,
1924,THNQ,A,16.06,6.76,Q3,Q1,
1925,FDRV,A,106.56,6.58,Q3,Q2,
1926,IDMO,AA,138.77,7.42,Q4,Q3,F
1927,RULE,A,150.93,5.86,Q2,Q3,
1928,BDRY,A,,,Q4,Q4,
1929,EBIZ,BBB,11.81,5.6,Q1,Q1,C
1930,CUT,AA,290.94,7.16,Q4,Q4,F
1931,RISR,,,,Q4,Q4,
1932,CRUZ,BBB,951.8,5.33,Q1,Q4,B
1933,XTL,A,27.3,6.22,Q2,Q1,B
1934,MSFU,,,,Q4,Q4,
1935,TARK,,,,Q4,Q4,
1936,EWO,AA,183.71,7.91,Q4,Q3,C
1937,SFLR,,,,Q4,Q4,
1938,DRN,A,92.45,6.59,Q3,Q2,
1939,TPMN,,,,Q4,Q4,C
1940,ACVF,A,125.05,7.08,Q4,Q2,C
1941,PJFG,,,,Q4,Q4,C
1942,LDEM,A,244.18,6.45,Q3,Q4,D
1943,FLSW,AA,91.52,7.83,Q4,Q2,B
1944,UTRN,A,833.44,6.28,Q2,Q4,D
1945,VAMO,BBB,336.66,5.2,Q1,Q4,C
1946,BTEC,BBB,34.08,5.13,Q1,Q1,C
1947,BBLB,,,,Q4,Q4,
1948,TFLR,,,,Q4,Q4,C
1949,CSD,A,132.9,6.03,Q2,Q2,C
1950,NURE,BBB,63.33,4.41,Q1,Q1,C
1951,VEGA,A,141.72,6.6,Q3,Q3,
1952,ZHDG,BBB,,,Q4,Q4,
1953,WUCT,,,,Q4,Q4,
1954,RUFF,A,30.79,6.76,Q3,Q1,D
1955,LCLG,,,,Q4,Q4,D
1956,AVSE,BBB,105.31,5.53,Q1,Q2,C
1957,ADPV,,,,Q4,Q4,
1958,GRN,,,,Q4,Q4,F
1959,FDIG,BB,199.2,4.27,Q1,Q3,
1960,NTSE,A,262.3,5.98,Q2,Q4,
1961,HSUN,,,,Q4,Q4,
1962,SRS,,,,Q4,Q4,
1963,APRJ,,,,Q4,Q4,
1964,TYA,,,,Q4,Q4,B
1965,XJR,BBB,81.43,5.4,Q1,Q2,B
1966,IHY,BBB,442.08,5.53,Q1,Q4,D
1967,HYXU,A,123.02,5.97,Q2,Q2,
1968,GLRY,A,220.44,5.83,Q2,Q3,D
1969,TGRW,A,26.68,6.77,Q3,Q1,C
1970,TTAI,A,166.93,7.13,Q4,Q3,C
1971,BBCB,AA,,,Q4,Q4,
1972,XBOC,,,,Q4,Q4,
1973,TRND,A,115.91,6.53,Q3,Q2,
1974,CARZ,A,84.11,6.8,Q3,Q2,
1975,TUSI,,,,Q4,Q4,C
1976,QGRW,,,,Q4,Q4,
1977,IG,A,437.09,6.12,Q2,Q4,B
1978,ESGS,AA,249.89,7.25,Q4,Q4,C
1979,GJUL,,,,Q4,Q4,
1980,ARCM,A,318.5,6.03,Q2,Q4,D
1981,XBB,,,,Q4,Q4,
1982,EBLU,AA,127.67,7.94,Q4,Q2,
1983,VFLO,,,,Q4,Q4,
1984,GAA,BBB,387.76,5.63,Q1,Q4,
1985,GDXD,,,,Q4,Q4,
1986,SBND,BBB,425.53,5.43,Q1,Q4,
1987,GEMD,BB,619.8,4.01,Q1,Q4,
1988,ICAP,BBB,305.43,5.69,Q1,Q4,F
1989,FIG,,,,Q4,Q4,
1990,FIVA,AA,164.8,7.42,Q4,Q3,C
1991,XRLV,A,538.06,6.79,Q3,Q4,B
1992,CAMX,,,,Q4,Q4,
1993,SNAV,,,,Q4,Q4,
1994,HYDR,A,308.47,6.62,Q3,Q4,
1995,DDIV,A,406.46,6.04,Q2,Q4,C
1996,FMAG,AA,124.86,7.16,Q4,Q2,
1997,UFO,BBB,21.15,5.52,Q1,Q1,F
1998,VIXM,,,,Q4,Q4,C
1999,UMMA,AA,97.26,7.65,Q4,Q2,
2000,GAMR,BBB,30.86,5.46,Q1,Q1,
2001,OARK,,,,Q4,Q4,
2002,IGBH,A,460.46,6.4,Q3,Q4,
2003,GURU,A,141.75,6.04,Q2,Q3,
2004,ROMO,AA,109.0,7.27,Q4,Q2,
2005,CIZ,AA,147.77,7.53,Q4,Q3,C
2006,BSMT,,,,Q4,Q4,
2007,BSMU,,,,Q4,Q4,
2008,CDX,,,,Q4,Q4,
2009,AFK,A,226.77,6.5,Q3,Q3,F
2010,EUO,,,,Q4,Q4,
2011,AGGH,A,204.35,6.19,Q2,Q3,
2012,UYM,A,621.17,6.78,Q3,Q4,
2013,USAI,A,808.93,6.4,Q3,Q4,
2014,EWUS,AA,92.24,7.48,Q4,Q2,C
2015,VXZ,,,,Q4,Q4,B
2016,OVB,A,274.5,6.06,Q2,Q4,
2017,BUFB,,,,Q4,Q4,
2018,BKSB,A,182.63,6.65,Q3,Q3,
2019,IAUF,A,560.07,6.9,Q4,Q4,
2020,AMAX,A,119.19,6.24,Q2,Q2,
2021,NACP,A,125.67,6.8,Q3,Q2,
2022,STNC,AAA,,,Q4,Q4,
2023,ENTR,A,22.87,5.99,Q2,Q1,C
2024,LEAD,AA,83.63,7.24,Q4,Q2,
2025,PVI,,,,Q4,Q4,
2026,HSRT,,,,Q4,Q4,C
2027,MLPR,,,,Q4,Q4,
2028,ASEA,A,291.57,6.9,Q4,Q4,F
2029,AGNG,A,22.68,6.68,Q3,Q1,B
2030,WBIL,A,14.38,6.56,Q3,Q1,F
2031,XDSQ,,,,Q4,Q4,
2032,AAPU,,,,Q4,Q4,
2033,CVSB,,,,Q4,Q4,
2034,HYRM,BBB,299.99,5.16,Q1,Q4,
2035,UTES,A,,6.66,Q3,Q4,C
2036,DJCB,,,,Q4,Q4,
2037,QEMM,BBB,259.77,5.44,Q1,Q4,F
2038,AZTD,,,,Q4,Q4,
2039,PTEU,AA,120.21,7.84,Q4,Q2,
2040,EASG,AA,88.93,8.37,Q4,Q2,B
2041,WBIF,A,324.6,6.25,Q2,Q4,
2042,FDFF,,,,Q4,Q4,
2043,XSHQ,BBB,187.68,5.24,Q1,Q3,B
2044,TSLS,,,,Q4,Q4,
2045,PP,,,,Q4,Q4,
2046,PFIG,A,221.08,6.7,Q3,Q3,C
2047,SURE,AA,,,Q4,Q4,D
2048,PAB,,,,Q4,Q4,C
2049,EMCB,BBB,723.75,5.46,Q1,Q4,D
2050,FMED,,,,Q4,Q4,
2051,SDEM,BB,,,Q4,Q4,F
2052,ISWN,A,1.6,5.72,Q1,Q1,
2053,MBND,,,,Q4,Q4,
2054,SCYB,,,,Q4,Q4,
2055,HIBS,BBB,1.6,5.19,Q1,Q1,
2056,UTEN,,,,Q4,Q4,
2057,MID,A,50.51,6.82,Q3,Q1,
2058,DXJS,BBB,131.13,5.01,Q1,Q2,F
2059,XBTF,A,,5.72,Q1,Q4,
2060,NVDY,,,,Q4,Q4,
2061,MAMB,A,179.35,5.96,Q2,Q3,
2062,YALL,,,,Q4,Q4,
2063,GHTA,BBB,380.77,5.49,Q1,Q4,
2064,LOUP,A,29.16,6.49,Q3,Q1,
2065,FCLD,AA,40.15,7.64,Q4,Q1,
2066,XDOC,,,,Q4,Q4,
2067,UNOV,,,,Q4,Q4,
2068,MMLG,A,22.48,6.57,Q3,Q1,C
2069,RIET,BB,48.71,3.6,Q1,Q1,
2070,TOUS,,,,Q4,Q4,
2071,WANT,A,69.49,6.16,Q2,Q2,
2072,ZIG,BBB,256.35,5.08,Q1,Q4,D
2073,OCTT,,,,Q4,Q4,
2074,SPXN,A,135.25,6.78,Q3,Q3,B
2075,OEUR,AAA,,,Q4,Q4,
2076,MAYT,,,,Q4,Q4,
2077,BSTP,,,,Q4,Q4,
2078,SSFI,A,223.01,5.89,Q2,Q3,
2079,GXTG,A,143.64,5.89,Q2,Q3,
2080,PSMJ,,,,Q4,Q4,
2081,DFRA,A,432.2,6.11,Q2,Q4,
2082,EFZ,,,,Q4,Q4,
2083,SIXO,,,,Q4,Q4,
2084,WPS,A,64.81,6.63,Q3,Q1,C
2085,NUSA,A,543.74,6.36,Q2,Q4,C
2086,WOMN,A,89.4,6.98,Q4,Q2,F
2087,UAE,BBB,149.85,5.32,Q1,Q3,D
2088,SPVM,A,407.99,6.5,Q3,Q4,
2089,BEMB,,,,Q4,Q4,
2090,CLOA,,,,Q4,Q4,B
2091,APRQ,,,,Q4,Q4,
2092,PXQ,A,10.85,6.4,Q3,Q1,C
2093,KSTR,B,140.55,1.84,Q1,Q3,F
2094,MBCC,A,137.73,6.99,Q4,Q3,
2095,DVYA,A,271.51,6.64,Q3,Q4,
2096,HDMV,AA,184.54,7.45,Q4,Q3,D
2097,FDCF,,,,Q4,Q4,
2098,DWMF,AA,118.89,7.33,Q4,Q2,C
2099,PUI,A,,7.0,Q4,Q4,
2100,DEEP,BBB,105.73,4.65,Q1,Q2,
2101,WLDR,A,188.67,6.86,Q4,Q3,
2102,BUL,A,271.05,6.67,Q3,Q4,C
2103,FEDM,AA,64.05,8.17,Q4,Q1,
2104,FPAG,A,287.93,5.8,Q2,Q4,C
2105,EQRR,A,260.77,6.75,Q3,Q4,C
2106,QTJA,,,,Q4,Q4,
2107,CRDT,,,,Q4,Q4,
2108,CARY,,,,Q4,Q4,
2109,UBOT,A,12.49,6.64,Q3,Q1,
2110,RDFI,,,,Q4,Q4,
2111,RAYD,A,66.28,6.75,Q3,Q1,
2112,FRNW,AA,321.5,7.23,Q4,Q4,
2113,GOEX,BBB,548.35,5.36,Q1,Q4,
2114,MSMR,A,45.76,6.25,Q2,Q1,
2115,DFCA,,,,Q4,Q4,
2116,AMND,,,,Q4,Q4,
2117,DFNV,A,11.38,6.69,Q3,Q1,F
2118,RAYE,BBB,139.48,5.0,Q1,Q3,
2119,FEIG,A,139.61,7.05,Q4,Q3,C
2120,SHUS,A,171.24,6.46,Q3,Q3,
2121,SMHB,,,,Q4,Q4,
2122,DBEZ,AA,130.2,7.74,Q4,Q2,C
2123,SPXE,A,111.25,6.71,Q3,Q2,B
2124,PY,A,75.52,6.71,Q3,Q2,B
2125,HOMZ,BBB,62.41,5.57,Q1,Q1,
2126,RSEE,A,162.52,6.5,Q3,Q3,
2127,REK,,,,Q4,Q4,
2128,ALTY,BBB,527.72,5.42,Q1,Q4,
2129,IHYF,BBB,258.9,5.39,Q1,Q4,C
2130,WBND,,,,Q4,Q4,
2131,MOON,BBB,31.7,5.06,Q1,Q1,C
2132,SFIG,A,200.14,6.6,Q3,Q3,C
2133,CBON,BB,42.02,2.89,Q1,Q1,
2134,FEUS,A,66.12,7.14,Q4,Q1,
2135,HTUS,AA,,,Q4,Q4,
2136,PLTM,,,,Q4,Q4,F
2137,HDRO,A,469.8,5.86,Q2,Q4,D
2138,PSET,AA,40.49,7.26,Q4,Q1,B
2139,FLMX,BBB,237.18,4.95,Q1,Q3,B
2140,SOYB,,,,Q4,Q4,F
2141,TYD,BBB,1.6,5.61,Q1,Q1,
2142,AGOV,BBB,3.44,5.29,Q1,Q1,
2143,VSLU,A,62.43,6.62,Q3,Q1,C
2144,VMOT,A,,,Q4,Q4,
2145,OALC,A,77.2,6.84,Q4,Q2,D
2146,MBNE,,,,Q4,Q4,
2147,APRT,,,,Q4,Q4,
2148,FIAX,,,,Q4,Q4,
2149,ROSC,BBB,145.72,4.74,Q1,Q3,
2150,PXJ,BBB,507.42,5.23,Q1,Q4,C
2151,WEBS,BBB,1.6,5.37,Q1,Q1,
2152,PAMC,A,88.0,6.1,Q2,Q2,
2153,ECLN,AA,,7.29,Q4,Q4,D
2154,EINC,A,806.08,6.47,Q3,Q4,C
2155,XFIV,,,,Q4,Q4,
2156,BRF,BBB,231.58,4.56,Q1,Q3,F
2157,HEWG,AA,131.61,7.52,Q4,Q2,
2158,RNEM,BBB,354.42,5.19,Q1,Q4,
2159,JIB,,,,Q4,Q4,C
2160,QPFF,A,241.11,5.86,Q2,Q4,
2161,RSX,BB,,,Q4,Q4,
2162,PBDC,,,,Q4,Q4,
2163,CLOX,,,,Q4,Q4,
2164,SAGP,A,56.98,6.86,Q4,Q1,
2165,TPOR,A,299.22,6.43,Q3,Q4,
2166,CLSC,A,63.78,6.08,Q2,Q1,
2167,IBHG,BBB,359.87,5.07,Q1,Q4,
2168,DSCF,A,149.63,6.1,Q2,Q3,
2169,AMZU,,,,Q4,Q4,
2170,FSMO,A,140.33,6.09,Q2,Q3,
2171,FLRG,A,73.8,6.46,Q3,Q2,C
2172,CRAK,A,374.45,6.69,Q3,Q4,D
2173,CHIS,BB,143.2,3.95,Q1,Q3,D
2174,SHOC,,,,Q4,Q4,
2175,RINF,,,,Q4,Q4,
2176,URNJ,,,,Q4,Q4,
2177,THY,BBB,318.28,5.25,Q1,Q4,
2178,LRNZ,A,10.16,6.17,Q2,Q1,B
2179,IDVO,,,,Q4,Q4,C
2180,RAFE,A,49.41,6.99,Q4,Q1,C
2181,AEMB,BB,,4.11,Q1,Q4,
2182,KORU,BBB,182.68,5.58,Q1,Q3,
2183,VNSE,A,161.54,6.94,Q4,Q3,
2184,GXG,A,393.5,6.36,Q2,Q4,F
2185,PGRO,A,30.55,7.0,Q4,Q1,
2186,RFEM,BBB,310.91,5.52,Q1,Q4,D
2187,SSXU,,,,Q4,Q4,
2188,UMDD,A,153.56,5.89,Q2,Q3,
2189,YOLO,,,,Q4,Q4,F
2190,PEXL,A,89.81,6.6,Q3,Q2,C
2191,GRES,A,310.79,7.03,Q4,Q4,
2192,THYF,,,,Q4,Q4,D
2193,MCSE,,,,Q4,Q4,D
2194,ICLO,,,,Q4,Q4,
2195,TUGN,,,,Q4,Q4,
2196,SCDL,,,,Q4,Q4,
2197,HJEN,A,494.01,6.57,Q3,Q4,
2198,NUAG,A,691.75,6.17,Q2,Q4,C
2199,SPXT,A,169.0,6.3,Q2,Q3,B
2200,HDG,BBB,143.52,5.63,Q1,Q3,
2201,WFH,A,12.52,6.73,Q3,Q1,
2202,SDSI,,,,Q4,Q4,
2203,KEMX,A,295.1,6.26,Q2,Q4,D
2204,AMID,,,,Q4,Q4,C
2205,WCBR,A,9.9,5.95,Q2,Q1,
2206,SAA,BBB,105.62,5.37,Q1,Q2,
2207,TWIO,BBB,266.87,5.06,Q1,Q4,
2208,UTSL,A,,6.77,Q3,Q4,
2209,LKOR,A,353.86,6.13,Q2,Q4,
2210,KVLE,A,480.73,6.89,Q4,Q4,
2211,IDX,BBB,696.63,5.22,Q1,Q4,F
2212,DYNF,A,95.34,6.75,Q3,Q2,C
2213,RMIF,,,,Q4,Q4,
2214,GFGF,AA,26.71,7.25,Q4,Q1,C
2215,COWG,,,,Q4,Q4,
2216,EDOG,BBB,545.51,5.58,Q1,Q4,F
2217,GGLL,,,,Q4,Q4,
2218,EFIX,BB,,4.17,Q1,Q4,
2219,PBS,BBB,9.17,4.59,Q1,Q1,C
2220,LFEQ,A,122.47,6.68,Q3,Q2,
2221,DFHY,BBB,308.55,5.64,Q1,Q4,
2222,SIFI,A,188.57,6.13,Q2,Q3,
2223,IWDL,,,,Q4,Q4,
2224,QULL,,,,Q4,Q4,
2225,FORH,A,222.28,5.81,Q2,Q3,
2226,FDEV,AA,92.4,7.47,Q4,Q2,C
2227,FITE,A,17.0,6.4,Q3,Q1,C
2228,FPFD,A,406.85,6.2,Q2,Q4,
2229,MNBD,,,,Q4,Q4,C
2230,MMCA,,,,Q4,Q4,C
2231,FLAU,AA,175.49,7.73,Q4,Q3,B
2232,BDCX,,,,Q4,Q4,
2233,INNO,A,55.19,6.88,Q4,Q1,
2234,XTWY,,,,Q4,Q4,
2235,PSMD,,,,Q4,Q4,
2236,PSMR,,,,Q4,Q4,
2237,EURL,A,79.61,6.76,Q3,Q2,
2238,FEBT,,,,Q4,Q4,
2239,HISF,A,231.88,6.19,Q2,Q3,
2240,VPN,AA,159.86,7.56,Q4,Q3,
2241,BTF,A,,,Q4,Q4,
2242,GENY,A,15.57,5.86,Q2,Q1,C
2243,SXQG,A,38.99,7.07,Q4,Q1,D
2244,FDNI,A,11.89,6.28,Q2,Q1,
2245,SNLN,,,,Q4,Q4,
2246,PWS,A,,,Q4,Q4,
2247,DUSL,A,116.94,6.5,Q3,Q2,
2248,TMFX,A,42.34,6.09,Q2,Q1,
2249,EGIS,A,67.34,6.79,Q3,Q2,D
2250,SCRD,A,111.37,7.01,Q4,Q2,
2251,TSPA,A,143.97,6.59,Q3,Q3,C
2252,MLPO,,,,Q4,Q4,
2253,MCH,,,,Q4,Q4,
2254,YLDE,A,173.53,6.77,Q3,Q3,C
2255,APMU,,,,Q4,Q4,
2256,IMSI,,,,Q4,Q4,C
2257,NGE,BBB,,,Q4,Q4,F
2258,EOCT,,,,Q4,Q4,
2259,USML,,,,Q4,Q4,
2260,FLAX,BBB,312.68,5.69,Q1,Q4,C
2261,PFI,BBB,16.5,4.67,Q1,Q1,C
2262,RFCI,A,267.0,6.22,Q2,Q4,D
2263,LCF,,,,Q4,Q4,D
2264,PSMO,,,,Q4,Q4,
2265,TJUL,,,,Q4,Q4,
2266,FEDL,,,,Q4,Q4,
2267,JZRO,AA,429.92,7.25,Q4,Q4,
2268,DBEH,A,,,Q4,Q4,
2269,NVBW,,,,Q4,Q4,
2270,OBND,,,,Q4,Q4,
2271,BKUI,AA,10.82,7.51,Q4,Q1,
2272,DVND,,,,Q4,Q4,
2273,POTX,,,,Q4,Q4,
2274,AADR,A,386.52,6.42,Q3,Q4,D
2275,HYGW,,,,Q4,Q4,
2276,APRH,,,,Q4,Q4,
2277,DSTX,A,193.98,6.86,Q4,Q3,D
2278,QPX,A,38.82,6.95,Q4,Q1,
2279,DCMB,,,,Q4,Q4,
2280,DIVS,AA,29.93,7.64,Q4,Q1,D
2281,MSVX,BBB,1.63,5.68,Q1,Q1,
2282,QARP,A,92.74,6.36,Q2,Q2,
2283,OAEM,,,,Q4,Q4,
2284,DSMC,,,,Q4,Q4,
2285,TBX,,,,Q4,Q4,
2286,FLEH,AA,99.39,7.89,Q4,Q2,C
2287,IQDE,A,212.79,6.83,Q4,Q3,F
2288,AHYB,BBB,352.23,5.11,Q1,Q4,
2289,ENOR,AA,250.65,8.0,Q4,Q4,
2290,ITAN,A,36.52,6.65,Q3,Q1,C
2291,JUSA,A,130.3,6.67,Q3,Q2,B
2292,LQIG,,,,Q4,Q4,
2293,CSA,BBB,142.84,5.29,Q1,Q3,C
2294,FRTY,A,59.82,5.85,Q2,Q1,
2295,KEUA,,,,Q4,Q4,
2296,AAPD,,,,Q4,Q4,
2297,XRMI,A,123.14,6.69,Q3,Q2,F
2298,MARW,,,,Q4,Q4,
2299,SEF,,,,Q4,Q4,
2300,PBL,,,,Q4,Q4,
2301,RNDV,A,128.71,7.08,Q4,Q2,C
2302,RNSC,BBB,143.71,5.46,Q1,Q3,C
2303,FXED,A,,,Q4,Q4,
2304,JIDA,AA,127.96,7.74,Q4,Q2,C
2305,UCIB,,,,Q4,Q4,
2306,EMM,,,,Q4,Q4,
2307,FHYS,BBB,201.05,5.51,Q1,Q3,C
2308,PRAY,A,157.47,6.99,Q4,Q3,
2309,JHPI,A,536.98,6.11,Q2,Q4,
2310,FDEM,BBB,228.36,5.12,Q1,Q3,F
2311,XTRE,,,,Q4,Q4,
2312,PSCD,A,37.55,6.03,Q2,Q1,C
2313,GSEE,BBB,346.2,5.47,Q1,Q4,F
2314,NBCT,AA,487.49,7.62,Q4,Q4,
2315,STXG,,,,Q4,Q4,
2316,KONG,A,22.01,6.04,Q2,Q1,D
2317,XSVN,,,,Q4,Q4,
2318,JHMB,,,,Q4,Q4,
2319,SQLV,BBB,109.73,4.91,Q1,Q2,C
2320,FTXH,A,19.69,6.52,Q3,Q1,C
2321,FCEF,A,394.51,6.47,Q3,Q4,
2322,JUNT,,,,Q4,Q4,
2323,LETB,A,,5.72,Q1,Q4,
2324,FCSH,A,213.67,6.41,Q3,Q3,C
2325,BSR,,,,Q4,Q4,
2326,IWFL,,,,Q4,Q4,
2327,CDEI,,,,Q4,Q4,
2328,AOTG,,,,Q4,Q4,D
2329,RENW,,,,Q4,Q4,
2330,MDLV,,,,Q4,Q4,
2331,NDJI,A,31.18,7.13,Q4,Q1,C
2332,CVAR,A,115.5,6.35,Q2,Q2,D
2333,INMU,,,,Q4,Q4,C
2334,BTR,,,,Q4,Q4,
2335,CCRV,,,,Q4,Q4,
2336,MISL,,,,Q4,Q4,
2337,EMSG,A,234.06,6.52,Q3,Q3,D
2338,PST,,,,Q4,Q4,
2339,PIT,,,,Q4,Q4,
2340,CYB,A,,,Q4,Q4,C
2341,HIGH,,,,Q4,Q4,C
2342,CLSE,A,,,Q4,Q4,
2343,EUM,,,,Q4,Q4,
2344,BLLD,,,,Q4,Q4,C
2345,JANT,,,,Q4,Q4,
2346,FLQS,BBB,175.12,5.54,Q1,Q3,C
2347,BSMV,,,,Q4,Q4,
2348,CRPT,BB,9.32,3.8,Q1,Q1,
2349,SMCP,BBB,195.4,5.2,Q1,Q3,
2350,SPAX,,,,Q4,Q4,
2351,ASHS,B,346.44,2.09,Q1,Q4,
2352,DUG,,,,Q4,Q4,
2353,LQDB,A,228.53,6.38,Q2,Q3,
2354,TAGS,,,,Q4,Q4,
2355,NERD,A,4.35,5.8,Q2,Q1,
2356,GMET,BBB,312.93,5.47,Q1,Q4,
2357,DEMZ,AA,19.86,7.25,Q4,Q1,
2358,PAK,,,,Q4,Q4,F
2359,LSST,A,,,Q4,Q4,C
2360,BDCZ,,,,Q4,Q4,F
2361,TFPN,,,,Q4,Q4,
2362,GREI,AA,544.66,7.22,Q4,Q4,
2363,CLIX,BBB,20.56,5.03,Q1,Q1,
2364,JCTR,A,66.66,6.79,Q3,Q1,
2365,XNAV,,,,Q4,Q4,
2366,CNBS,,,,Q4,Q4,F
2367,APLY,,,,Q4,Q4,
2368,ARP,,,,Q4,Q4,
2369,YSEP,,,,Q4,Q4,
2370,DVLU,A,342.65,6.29,Q2,Q4,C
2371,BITX,,,,Q4,Q4,
2372,XDQQ,,,,Q4,Q4,
2373,NULC,AA,41.12,7.97,Q4,Q1,C
2374,XWEB,BBB,9.53,4.75,Q1,Q1,C
2375,SIMS,A,144.69,7.01,Q4,Q3,C
2376,FLSA,BB,,3.8,Q1,Q4,C
2377,JHCB,A,305.07,6.11,Q2,Q4,C
2378,SEIV,,,,Q4,Q4,C
2379,BLDG,BB,71.17,3.92,Q1,Q2,D
2380,IVES,A,69.37,6.63,Q3,Q2,D
2381,BCIM,,,,Q4,Q4,D
2382,MMSB,,,,Q4,Q4,
2383,SDEI,A,159.45,6.74,Q3,Q3,
2384,MAXI,,,,Q4,Q4,D
2385,WTRE,A,99.44,6.71,Q3,Q2,
2386,PSCF,BB,23.48,4.06,Q1,Q1,
2387,SPMV,A,230.55,6.9,Q4,Q3,
2388,RFFC,A,105.19,6.39,Q3,Q2,C
2389,CVSE,,,,Q4,Q4,
2390,EMFM,BBB,532.56,5.29,Q1,Q4,D
2391,CANE,,,,Q4,Q4,D
2392,WGMI,,,,Q4,Q4,
2393,OPPX,A,160.7,6.41,Q3,Q3,
2394,FIGB,A,215.17,5.79,Q2,Q3,
2395,CVMC,,,,Q4,Q4,
2396,SEIM,,,,Q4,Q4,B
2397,STXK,,,,Q4,Q4,
2398,XVOL,A,101.05,6.66,Q3,Q2,
2399,EAOA,AA,86.61,7.42,Q4,Q2,
2400,RESE,A,244.54,5.98,Q2,Q4,C
2401,EMIF,BBB,,5.04,Q1,Q4,F
2402,RUNN,,,,Q4,Q4,
2403,TYO,BBB,1.6,5.23,Q1,Q1,
2404,TEMP,AA,151.11,7.83,Q4,Q3,C
2405,WUGI,AA,,,Q4,Q4,D
2406,UDIV,AAA,,,Q4,Q4,B
2407,YCS,,,,Q4,Q4,
2408,DTRE,A,,,Q4,Q4,
2409,FKU,AA,115.31,8.05,Q4,Q2,F
2410,RHCB,A,94.18,7.07,Q4,Q2,
2411,ARMR,A,61.75,6.47,Q3,Q1,
2412,ERY,A,,,Q4,Q4,
2413,GYLD,BBB,326.57,4.68,Q1,Q4,
2414,ADFI,A,214.17,5.86,Q2,Q3,
2415,SMAY,,,,Q4,Q4,
2416,FFTG,A,186.33,6.09,Q2,Q3,
2417,IQM,AA,24.88,7.48,Q4,Q1,C
2418,VRAI,BBB,486.92,5.5,Q1,Q4,
2419,FGM,A,355.66,6.86,Q4,Q4,F
2420,EWGS,A,97.92,6.85,Q4,Q2,D
2421,TMFE,A,26.32,6.67,Q3,Q1,
2422,DXGE,A,199.24,7.13,Q4,Q3,
2423,DWSH,,,,Q4,Q4,
2424,ERSX,BBB,98.93,5.56,Q1,Q2,D
2425,MTGP,,,,Q4,Q4,C
2426,CCSO,,,,Q4,Q4,
2427,PEZ,A,63.68,6.12,Q2,Q1,C
2428,RSBT,,,,Q4,Q4,
2429,FNGG,A,,,Q4,Q4,
2430,CHIX,BBB,3.87,5.56,Q1,Q1,D
2431,DECT,,,,Q4,Q4,
2432,CYA,,,,Q4,Q4,
2433,ULTR,A,305.59,6.16,Q2,Q4,
2434,ASPY,A,74.08,6.95,Q4,Q2,
2435,OILD,,,,Q4,Q4,
2436,EWK,AA,213.29,7.3,Q4,Q3,
2437,MOTG,A,35.02,6.98,Q4,Q1,D
2438,EFNL,AA,253.45,8.57,Q4,Q4,
2439,REVS,A,195.77,6.18,Q2,Q3,C
2440,ROOF,A,90.51,6.29,Q2,Q2,
2441,STXD,,,,Q4,Q4,
2442,MVRL,,,,Q4,Q4,
2443,IWLG,,,,Q4,Q4,
2444,ESUS,,,,Q4,Q4,
2445,OOTO,BBB,453.67,5.16,Q1,Q4,
2446,FFSG,A,157.72,6.2,Q2,Q3,
2447,BRLN,,,,Q4,Q4,
2448,SEMI,A,84.41,6.75,Q3,Q2,
2449,XTOC,,,,Q4,Q4,
2450,TRFM,,,,Q4,Q4,
2451,QCON,A,215.61,5.82,Q2,Q3,C
2452,XTEN,,,,Q4,Q4,
2453,RTAI,,,,Q4,Q4,
2454,UXI,A,119.24,6.85,Q4,Q2,
2455,PSCM,A,373.31,5.81,Q2,Q4,C
2456,XHYI,BBB,299.25,5.55,Q1,Q4,
2457,PSCU,BBB,391.11,5.46,Q1,Q4,C
2458,KOCG,A,114.41,7.0,Q4,Q2,D
2459,PQDI,AA,145.36,7.33,Q4,Q3,
2460,FUSI,,,,Q4,Q4,
2461,OSEA,,,,Q4,Q4,
2462,GMUN,,,,Q4,Q4,
2463,WIZ,A,100.48,6.48,Q3,Q2,
2464,TSEC,,,,Q4,Q4,
2465,ASET,A,400.12,6.71,Q3,Q4,
2466,DUDE,A,164.13,6.61,Q3,Q3,
2467,RHRX,A,71.68,6.92,Q4,Q2,
2468,ROAM,BBB,322.21,5.37,Q1,Q4,
2469,FTDS,A,124.68,6.62,Q3,Q2,
2470,EDZ,BBB,1.6,5.28,Q1,Q1,
2471,XSHD,BBB,125.69,4.46,Q1,Q2,C
2472,CEFD,,,,Q4,Q4,
2473,LYFE,A,76.11,6.98,Q4,Q2,D
2474,CNXT,BB,74.67,3.85,Q1,Q2,
2475,RHTX,A,114.5,6.74,Q3,Q2,
2476,VPC,,,,Q4,Q4,
2477,FOVL,A,162.2,5.97,Q2,Q3,C
2478,MAGA,A,450.71,6.54,Q3,Q4,
2479,PSFJ,,,,Q4,Q4,
2480,HSMV,BBB,230.94,5.7,Q1,Q3,D
2481,KHYB,BBB,352.02,4.98,Q1,Q4,D
2482,FXP,,,,Q4,Q4,
2483,IPDP,A,28.08,6.67,Q3,Q1,D
2484,MEDX,,,,Q4,Q4,
2485,SSLY,BBB,114.22,5.17,Q1,Q2,
2486,SKF,,,,Q4,Q4,
2487,REIT,A,87.73,5.93,Q2,Q2,
2488,QLVE,A,370.57,5.76,Q2,Q4,F
2489,EET,,,,Q4,Q4,
2490,BBP,BB,39.97,4.08,Q1,Q1,
2491,JULJ,,,,Q4,Q4,
2492,NOPE,,,,Q4,Q4,
2493,WINC,AA,,,Q4,Q4,
2494,FPA,A,437.9,5.96,Q2,Q4,F
2495,FMET,A,28.41,6.05,Q2,Q1,
2496,BOAT,BB,,4.24,Q1,Q4,
2497,RODE,A,191.55,6.61,Q3,Q3,
2498,SMI,,,,Q4,Q4,
2499,BSJT,BBB,286.32,5.42,Q1,Q4,D
2500,FMQQ,BBB,58.84,5.48,Q1,Q1,
2501,FEUZ,A,310.79,7.04,Q4,Q4,F
2502,QTOC,,,,Q4,Q4,
2503,XHYC,BBB,275.86,5.04,Q1,Q4,
2504,IWML,,,,Q4,Q4,
2505,ROKT,A,31.03,6.56,Q3,Q1,C
2506,MINN,,,,Q4,Q4,D
2507,NSPI,A,124.55,6.67,Q3,Q2,D
2508,TFJL,,,,Q4,Q4,D
2509,FLGR,AA,133.53,7.57,Q4,Q3,B
2510,PSFM,,,,Q4,Q4,
2511,GK,A,76.17,6.49,Q3,Q2,
2512,QQMG,A,27.54,7.11,Q4,Q1,
2513,BGLD,BBB,,,Q4,Q4,
2514,BFIX,A,422.47,5.82,Q2,Q4,
2515,GERM,A,51.64,6.1,Q2,Q1,D
2516,SPXV,A,139.85,6.63,Q3,Q3,B
2517,MINC,,,,Q4,Q4,D
2518,CALY,,,,Q4,Q4,
2519,BDGS,,,,Q4,Q4,
2520,SEPZ,A,4.2,5.72,Q1,Q1,
2521,CID,AA,294.67,7.54,Q4,Q4,C
2522,XTJA,,,,Q4,Q4,
2523,QTAP,,,,Q4,Q4,
2524,IBBQ,A,21.69,6.21,Q2,Q1,B
2525,SFYF,A,45.65,5.89,Q2,Q1,
2526,SENT,A,152.42,5.76,Q2,Q3,D
2527,SPCX,,,,Q4,Q4,F
2528,OVF,A,182.38,6.97,Q4,Q3,
2529,BERZ,,,,Q4,Q4,
2530,UCC,A,72.43,6.36,Q2,Q2,
2531,TMSL,,,,Q4,Q4,
2532,EAFD,AA,108.58,7.53,Q4,Q2,
2533,UNL,,,,Q4,Q4,
2534,XC,,,,Q4,Q4,
2535,EAOR,AA,88.5,7.27,Q4,Q2,
2536,STXV,,,,Q4,Q4,
2537,SAEF,A,120.92,5.84,Q2,Q2,
2538,TDSA,A,70.17,5.91,Q2,Q2,
2539,TGIF,BBB,202.91,5.36,Q1,Q3,D
2540,RNLC,A,128.82,6.86,Q4,Q2,C
2541,EMDV,BBB,379.33,4.87,Q1,Q4,F
2542,JULZ,A,4.2,5.72,Q1,Q1,
2543,WRND,A,28.48,6.41,Q3,Q1,
2544,PSFD,,,,Q4,Q4,
2545,MTUL,,,,Q4,Q4,
2546,BUCK,,,,Q4,Q4,C
2547,BFIT,BBB,28.61,5.55,Q1,Q1,D
2548,HIDE,,,,Q4,Q4,
2549,HCOM,,,,Q4,Q4,
2550,BKGI,,,,Q4,Q4,
2551,ISZE,AA,153.1,7.34,Q4,Q3,C
2552,IBHH,BBB,291.96,5.1,Q1,Q4,
2553,XDJA,,,,Q4,Q4,
2554,PXUS,AA,120.8,7.61,Q4,Q2,C
2555,FLHK,A,276.78,6.66,Q3,Q4,B
2556,FLTN,A,,5.72,Q1,Q4,F
2557,CEFA,AA,100.14,7.79,Q4,Q2,F
2558,SYUS,A,171.24,6.46,Q3,Q3,
2559,FPRO,A,84.65,6.39,Q3,Q2,
2560,BITS,,,,Q4,Q4,
2561,BSMW,,,,Q4,Q4,
2562,NVBT,,,,Q4,Q4,
2563,GLL,,,,Q4,Q4,
2564,BBSA,A,137.53,6.16,Q2,Q3,C
2565,THCX,BB,,,Q4,Q4,
2566,NSPL,,,,Q4,Q4,
2567,RDOG,BB,83.4,3.72,Q1,Q2,
2568,EGPT,,,,Q4,Q4,F
2569,BILZ,,,,Q4,Q4,
2570,WLTG,A,,,Q4,Q4,
2571,YPS,A,236.45,6.52,Q3,Q3,C
2572,FTBD,,,,Q4,Q4,
2573,SEIQ,,,,Q4,Q4,C
2574,TVAL,,,,Q4,Q4,
2575,GLDB,A,123.83,6.42,Q3,Q2,
2576,STCE,,,,Q4,Q4,
2577,IEDI,A,60.43,6.5,Q3,Q1,C
2578,SPAQ,,,,Q4,Q4,
2579,KOIN,A,22.96,7.04,Q4,Q1,
2580,OVM,,,,Q4,Q4,
2581,TGRT,,,,Q4,Q4,
2582,SSPX,AA,28.42,7.46,Q4,Q1,C
2583,BTEK,A,44.05,6.47,Q3,Q1,D
2584,YCL,,,,Q4,Q4,
2585,DBOC,,,,Q4,Q4,
2586,KFVG,B,85.74,2.45,Q1,Q2,F
2587,ATFV,BBB,42.23,5.69,Q1,Q1,
2588,XTJL,,,,Q4,Q4,
2589,XUSP,,,,Q4,Q4,
2590,FTAG,A,451.91,6.58,Q3,Q4,F
2591,UJB,,,,Q4,Q4,
2592,GSJY,AA,76.76,7.27,Q4,Q2,C
2593,EVMT,,,,Q4,Q4,
2594,FDAT,,,,Q4,Q4,
2595,SESG,,,,Q4,Q4,C
2596,HEWC,AA,268.75,7.37,Q4,Q4,
2597,KEMQ,BBB,11.48,5.64,Q1,Q1,F
2598,MRGR,A,154.54,5.77,Q2,Q3,
2599,QWST,,,,Q4,Q4,
2600,NTKI,BBB,143.11,5.25,Q1,Q3,D
2601,FMNY,,,,Q4,Q4,
2602,MOTO,A,72.32,6.72,Q3,Q2,D
2603,BOUT,A,181.97,6.46,Q3,Q3,F
2604,CHIK,BB,272.09,3.56,Q1,Q4,D
2605,RSPE,AA,140.41,7.15,Q4,Q3,B
2606,LOPP,AA,291.2,7.19,Q4,Q4,
2607,AUGZ,A,4.2,5.72,Q1,Q1,
2608,SXUS,AA,61.06,7.81,Q4,Q1,
2609,MEXX,BBB,217.62,5.25,Q1,Q3,
2610,BNKD,,,,Q4,Q4,
2611,VABS,,,,Q4,Q4,D
2612,AMOM,A,24.4,6.72,Q3,Q1,D
2613,GLCN,B,249.38,2.7,Q1,Q4,
2614,UPWD,,,,Q4,Q4,C
2615,USBF,A,298.24,6.2,Q2,Q4,
2616,IBDY,,,,Q4,Q4,
2617,MFLX,,,,Q4,Q4,F
2618,SMLE,BBB,83.21,5.54,Q1,Q2,B
2619,MIG,A,225.95,6.39,Q3,Q3,C
2620,JULH,,,,Q4,Q4,
2621,BSJU,,,,Q4,Q4,
2622,DFND,AAA,,,Q4,Q4,
2623,MOOD,,,,Q4,Q4,
2624,ESGY,AA,38.88,7.5,Q4,Q1,
2625,MIDE,A,104.05,6.13,Q2,Q2,B
2626,DIEM,BBB,,,Q4,Q4,F
2627,CIRC,,,,Q4,Q4,
2628,FTGS,,,,Q4,Q4,
2629,ELQD,A,31.18,6.98,Q4,Q1,
2630,HEAT,,,,Q4,Q4,
2631,EFAS,AA,346.83,7.6,Q4,Q4,D
2632,HYIN,BB,24.43,2.9,Q1,Q1,
2633,HYUP,BBB,328.44,4.79,Q1,Q4,
2634,GSEU,AA,102.67,7.83,Q4,Q2,C
2635,IPPP,BBB,44.72,5.37,Q1,Q1,
2636,BBC,BBB,37.92,5.46,Q1,Q1,
2637,PLAT,A,12.76,5.77,Q2,Q1,C
2638,RNMC,A,156.28,5.84,Q2,Q3,D
2639,JCHI,,,,Q4,Q4,
2640,HDLB,,,,Q4,Q4,
2641,UPW,A,,7.04,Q4,Q4,
2642,FSBD,A,399.91,6.58,Q3,Q4,
2643,PSCW,,,,Q4,Q4,
2644,XB,,,,Q4,Q4,
2645,PDBA,,,,Q4,Q4,D
2646,PJFV,,,,Q4,Q4,D
2647,RESD,AA,104.43,8.19,Q4,Q2,C
2648,XPP,,,,Q4,Q4,
2649,IVVB,,,,Q4,Q4,
2650,JPSV,,,,Q4,Q4,
2651,IVVM,,,,Q4,Q4,
2652,SPRX,A,21.97,6.55,Q3,Q1,C
2653,TXS,,,,Q4,Q4,
2654,SPXB,A,92.95,6.33,Q2,Q2,D
2655,BKIV,,,,Q4,Q4,
2656,PSFO,,,,Q4,Q4,
2657,QQQA,A,16.53,6.84,Q4,Q1,
2658,HAPY,A,122.84,6.41,Q3,Q2,
2659,PILL,A,39.97,6.03,Q2,Q1,
2660,TMDV,A,137.1,6.5,Q3,Q3,C
2661,SMDY,A,122.79,5.78,Q2,Q2,
2662,CNCR,A,30.88,5.75,Q2,Q1,
2663,HELX,A,24.9,6.02,Q2,Q1,C
2664,WKLY,AA,221.38,7.23,Q4,Q3,
2665,BAD,A,58.7,5.99,Q2,Q1,
2666,NBDS,A,11.47,6.87,Q4,Q1,
2667,RORO,A,67.88,6.34,Q2,Q2,
2668,BKWO,,,,Q4,Q4,
2669,BUYZ,A,22.02,6.37,Q2,Q1,C
2670,HDAW,A,239.45,7.09,Q4,Q4,D
2671,SUPP,,,,Q4,Q4,
2672,EVAV,,,,Q4,Q4,
2673,PSCX,,,,Q4,Q4,
2674,TOKE,BBB,40.9,5.29,Q1,Q1,D
2675,QRMI,A,46.91,6.71,Q3,Q1,
2676,EFO,,,,Q4,Q4,
2677,CUBS,,,,Q4,Q4,
2678,GDE,,,,Q4,Q4,
2679,UST,A,,,Q4,Q4,
2680,PGAL,AA,297.42,7.99,Q4,Q4,D
2681,BKES,A,60.72,6.29,Q2,Q1,
2682,CPII,,,,Q4,Q4,
2683,SBB,,,,Q4,Q4,
2684,FSST,AA,121.63,7.41,Q4,Q2,
2685,XHYT,BBB,32.13,4.86,Q1,Q1,
2686,IBHJ,,,,Q4,Q4,
2687,AVGV,,,,Q4,Q4,
2688,XTAP,,,,Q4,Q4,
2689,VICE,A,65.02,5.98,Q2,Q1,F
2690,APRD,,,,Q4,Q4,
2691,NUDV,AA,63.11,7.98,Q4,Q1,
2692,PEX,,,,Q4,Q4,F
2693,HIYS,,,,Q4,Q4,
2694,FDHT,A,10.06,6.1,Q2,Q1,
2695,PFFL,,,,Q4,Q4,
2696,ISDB,,,,Q4,Q4,
2697,LVOL,A,132.33,6.63,Q3,Q2,C
2698,GCLN,A,429.81,6.92,Q4,Q4,
2699,EZJ,AA,77.78,7.34,Q4,Q2,
2700,XHYE,BBB,620.12,5.43,Q1,Q4,
2701,LOWV,,,,Q4,Q4,
2702,EEMD,BBB,232.28,4.76,Q1,Q3,F
2703,STSB,BBB,,,Q4,Q4,
2704,CONL,,,,Q4,Q4,
2705,FFND,A,59.53,6.51,Q3,Q1,D
2706,ANEW,A,29.13,6.54,Q3,Q1,
2707,XCCC,,,,Q4,Q4,
2708,IWIN,BBB,194.31,5.63,Q1,Q3,
2709,EMTY,,,,Q4,Q4,
2710,MYY,,,,Q4,Q4,
2711,DBGR,AA,136.09,7.52,Q4,Q3,C
2712,RFEU,AA,64.83,7.77,Q4,Q1,F
2713,NANC,,,,Q4,Q4,
2714,SDCI,,,,Q4,Q4,D
2715,FBL,,,,Q4,Q4,
2716,ERET,,,,Q4,Q4,
2717,GSIG,A,220.01,6.54,Q3,Q3,
2718,VWID,AA,103.64,7.58,Q4,Q2,C
2719,FSYD,A,283.1,5.83,Q2,Q4,
2720,BKUS,A,161.45,7.1,Q4,Q3,
2721,IBLC,BBB,208.39,4.45,Q1,Q3,
2722,HLGE,A,56.05,6.46,Q3,Q1,
2723,CHIH,BBB,76.39,4.88,Q1,Q2,D
2724,FCA,BB,728.37,3.71,Q1,Q4,
2725,SELV,,,,Q4,Q4,C
2726,HIPR,BBB,,,Q4,Q4,
2727,AQWA,AA,128.59,7.65,Q4,Q2,
2728,MART,,,,Q4,Q4,
2729,TILL,,,,Q4,Q4,D
2730,CEW,A,,,Q4,Q4,D
2731,XHYF,BBB,41.96,4.97,Q1,Q1,
2732,STMB,A,,,Q4,Q4,
2733,QTJL,,,,Q4,Q4,
2734,BKIS,AA,83.2,8.14,Q4,Q2,
2735,EUDV,AA,45.89,8.08,Q4,Q1,C
2736,NOVZ,A,4.2,5.72,Q1,Q1,
2737,HEWU,AA,80.41,7.94,Q4,Q2,
2738,RSHO,,,,Q4,Q4,
2739,WFIG,A,245.33,6.65,Q3,Q4,
2740,GDVD,,,,Q4,Q4,D
2741,SPUC,A,122.41,6.68,Q3,Q2,
2742,NDVG,A,214.74,6.89,Q4,Q3,D
2743,HART,A,16.99,6.84,Q4,Q1,
2744,MSFD,,,,Q4,Q4,
2745,CLDL,AA,8.71,7.3,Q4,Q1,
2746,SETM,,,,Q4,Q4,
2747,UGE,AA,46.05,7.29,Q4,Q1,
2748,ESMV,AA,121.6,7.98,Q4,Q2,
2749,DWCR,A,223.61,6.71,Q3,Q3,F
2750,STLC,BBB,,,Q4,Q4,
2751,IRBA,AA,94.28,7.36,Q4,Q2,
2752,GPOW,,,,Q4,Q4,
2753,MBBB,A,167.75,6.27,Q2,Q3,C
2754,SPBC,A,122.41,6.68,Q3,Q2,
2755,BZQ,,,,Q4,Q4,
2756,RBLD,A,,,Q4,Q4,F
2757,FDTS,BBB,333.93,5.03,Q1,Q4,F
2758,BYOB,A,,,Q4,Q4,D
2759,OVS,BBB,105.52,5.37,Q1,Q2,
2760,VNMC,A,757.56,6.11,Q2,Q4,
2761,HYTR,BBB,294.73,5.24,Q1,Q4,
2762,TSL,,,,Q4,Q4,
2763,PSCJ,,,,Q4,Q4,
2764,ULE,,,,Q4,Q4,F
2765,CBTG,,,,Q4,Q4,
2766,GDMN,,,,Q4,Q4,
2767,PSIL,,,,Q4,Q4,F
2768,BBIP,,,,Q4,Q4,
2769,VNAM,,,,Q4,Q4,
2770,MSOX,,,,Q4,Q4,
2771,GPAL,A,45.41,6.67,Q3,Q1,
2772,LUX,,,,Q4,Q4,
2773,CHIC,BB,27.29,4.21,Q1,Q1,F
2774,AAA,,,,Q4,Q4,C
2775,JHDV,,,,Q4,Q4,
2776,RITA,A,70.61,5.84,Q2,Q2,
2777,FLYU,,,,Q4,Q4,
2778,NDIV,,,,Q4,Q4,
2779,XHYD,BBB,935.57,5.29,Q1,Q4,
2780,EAOK,A,93.4,6.99,Q4,Q2,
2781,MMSC,BBB,49.26,5.59,Q1,Q1,
2782,TCHI,BB,138.92,4.09,Q1,Q3,
2783,XDAP,,,,Q4,Q4,
2784,DMCY,AA,169.45,7.23,Q4,Q3,
2785,OAIA,,,,Q4,Q4,
2786,QQQS,,,,Q4,Q4,
2787,BABX,,,,Q4,Q4,
2788,INDF,A,7.23,5.74,Q2,Q1,
2789,RRH,,,,Q4,Q4,
2790,FCUS,,,,Q4,Q4,
2791,DBJA,,,,Q4,Q4,
2792,GABF,,,,Q4,Q4,
2793,KALL,BBB,342.15,4.56,Q1,Q4,F
2794,DIVD,,,,Q4,Q4,C
2795,IPOS,A,72.92,5.82,Q2,Q2,F
2796,BOSS,BBB,43.72,5.12,Q1,Q1,C
2797,BFTR,A,29.5,6.05,Q2,Q1,D
2798,CLNR,AA,81.68,7.31,Q4,Q2,
2799,ESGN,AA,132.61,7.97,Q4,Q2,D
2800,CN,BB,277.09,4.12,Q1,Q4,F
2801,GDEF,,,,Q4,Q4,
2802,MOTE,A,17.23,7.02,Q4,Q1,
2803,IWFG,,,,Q4,Q4,
2804,CTEX,A,237.78,6.49,Q3,Q3,C
2805,KTEC,BBB,26.74,5.55,Q1,Q1,F
2806,GBLD,A,73.33,6.42,Q3,Q2,F
2807,VERS,A,22.84,5.8,Q2,Q1,
2808,HIDV,,,,Q4,Q4,
2809,YXI,,,,Q4,Q4,
2810,IXSE,BBB,439.53,5.55,Q1,Q4,F
2811,GFOF,BB,,,Q4,Q4,
2812,IBHI,BBB,323.89,5.45,Q1,Q4,
2813,ESEB,BBB,1.6,4.32,Q1,Q1,
2814,PLRG,A,113.86,6.69,Q3,Q2,C
2815,XHYH,A,35.43,6.15,Q2,Q1,
2816,JRNY,A,285.05,6.27,Q2,Q4,
2817,SSG,,,,Q4,Q4,
2818,CCON,BB,,,Q4,Q4,
2819,PEMX,,,,Q4,Q4,
2820,JHID,,,,Q4,Q4,
2821,ROCI,A,96.06,6.79,Q3,Q2,C
2822,INQQ,,,,Q4,Q4,
2823,EEV,,,,Q4,Q4,
2824,BLCV,,,,Q4,Q4,
2825,SNPG,,,,Q4,Q4,
2826,CPI,A,178.11,6.06,Q2,Q3,
2827,HARD,,,,Q4,Q4,
2828,FLFR,AA,118.2,7.77,Q4,Q2,B
2829,XPND,A,24.91,6.91,Q4,Q1,C
2830,ESHY,BBB,231.45,5.43,Q1,Q3,
2831,USVT,A,203.21,6.0,Q2,Q3,
2832,TOLL,,,,Q4,Q4,
2833,CHIE,B,,2.31,Q1,Q4,D
2834,FSLD,A,209.85,6.43,Q3,Q3,
2835,FBZ,BBB,430.71,5.04,Q1,Q4,F
2836,CHIR,BBB,,,Q4,Q4,F
2837,TSOC,,,,Q4,Q4,
2838,PSCQ,,,,Q4,Q4,
2839,IVEG,AA,176.46,7.74,Q4,Q3,
2840,BNE,A,247.9,6.52,Q3,Q4,
2841,PLTL,BBB,113.97,5.25,Q1,Q2,C
2842,HVAL,A,83.69,6.88,Q4,Q2,D
2843,CBSE,A,224.51,5.75,Q2,Q3,
2844,NSCS,BBB,149.3,5.46,Q1,Q3,D
2845,IVRS,,,,Q4,Q4,
2846,IDAT,A,50.07,6.59,Q3,Q1,C
2847,MSTQ,A,45.06,6.17,Q2,Q1,
2848,SPCZ,,,,Q4,Q4,F
2849,KBUY,BB,80.66,3.74,Q1,Q2,F
2850,MEMX,,,,Q4,Q4,D
2851,BIGB,,,,Q4,Q4,
2852,BMED,A,27.27,6.46,Q3,Q1,D
2853,SULR,AA,,,Q4,Q4,
2854,IWTR,,,,Q4,Q4,
2855,NTZG,,,,Q4,Q4,D
2856,UDI,,,,Q4,Q4,D
2857,NWLG,AA,60.1,7.38,Q4,Q1,D
2858,SOLR,AA,279.93,7.48,Q4,Q4,D
2859,CARU,,,,Q4,Q4,
2860,BYRE,,,,Q4,Q4,
2861,ISHP,A,31.26,5.93,Q2,Q1,
2862,JULQ,,,,Q4,Q4,
2863,FPXE,A,167.64,6.95,Q4,Q3,
2864,CHII,BB,253.23,3.07,Q1,Q4,F
2865,TSJA,,,,Q4,Q4,
2866,KROP,BBB,175.84,5.35,Q1,Q3,
2867,FLIY,A,182.11,6.92,Q4,Q3,C
2868,NBCC,BBB,68.99,5.7,Q1,Q2,
2869,SNPV,,,,Q4,Q4,
2870,SYII,,,,Q4,Q4,
2871,LSGR,,,,Q4,Q4,
2872,SATO,,,,Q4,Q4,
2873,DMAT,BBB,382.25,5.36,Q1,Q4,
2874,CBLS,,,,Q4,Q4,
2875,WBAT,BBB,211.48,5.4,Q1,Q3,
2876,EATV,A,187.36,6.05,Q2,Q3,
2877,EQLS,,,,Q4,Q4,
2878,DECZ,A,4.2,5.72,Q1,Q1,
2879,EQUL,A,60.77,7.08,Q4,Q1,
2880,REW,,,,Q4,Q4,
2881,EWV,,,,Q4,Q4,
2882,JRE,A,56.26,5.76,Q2,Q1,
2883,LRND,A,18.78,6.48,Q3,Q1,
2884,JOJO,BBB,286.49,5.23,Q1,Q4,
2885,KRUZ,,,,Q4,Q4,
2886,QRFT,A,63.84,6.96,Q4,Q1,D
2887,AFLG,A,110.04,6.53,Q3,Q2,D
2888,SMDD,,,,Q4,Q4,
2889,SNPD,,,,Q4,Q4,
2890,ICOP,,,,Q4,Q4,
2891,ASHX,BB,324.07,3.25,Q1,Q4,F
2892,EAOM,A,91.35,7.09,Q4,Q2,
2893,AGRH,,,,Q4,Q4,
2894,OAIB,,,,Q4,Q4,
2895,UBR,,,,Q4,Q4,
2896,AFMC,A,133.04,6.09,Q2,Q2,D
2897,FIXT,,,,Q4,Q4,
2898,PSWD,,,,Q4,Q4,
2899,EEMO,BBB,697.37,5.09,Q1,Q4,F
2900,BIS,,,,Q4,Q4,
2901,MUSQ,,,,Q4,Q4,
2902,DOGG,,,,Q4,Q4,
2903,UPGR,,,,Q4,Q4,
2904,IQRA,,,,Q4,Q4,
2905,SYNB,,,,Q4,Q4,
2906,APRZ,A,4.2,5.72,Q1,Q1,
2907,EVXX,,,,Q4,Q4,
2908,EGUS,,,,Q4,Q4,
2909,CHPS,,,,Q4,Q4,
2910,OCEN,AA,85.05,8.44,Q4,Q2,
2911,GAST,A,83.23,6.89,Q4,Q2,
2912,DWMC,,,,Q4,Q4,F
2913,BTHM,A,93.01,6.47,Q3,Q2,C
2914,UPV,,,,Q4,Q4,
2915,IBRN,,,,Q4,Q4,
2916,NVQ,A,82.39,6.21,Q2,Q2,D
2917,AMPD,,,,Q4,Q4,
2918,AMZD,,,,Q4,Q4,
2919,LITP,,,,Q4,Q4,
2920,HAUS,BBB,58.08,4.53,Q1,Q1,
2921,KLNE,A,199.4,6.66,Q3,Q3,
2922,FEEM,A,175.55,6.59,Q3,Q3,
2923,MRND,A,26.12,6.37,Q2,Q1,
2924,ILIT,,,,Q4,Q4,
2925,KMET,,,,Q4,Q4,
2926,EFRA,,,,Q4,Q4,
2927,KBND,BB,9.41,3.11,Q1,Q1,
2928,WNDY,A,196.35,7.06,Q4,Q3,
2929,KESG,A,115.19,6.11,Q2,Q2,
2930,AFTY,BBB,152.53,4.4,Q1,Q3,F
2931,JETU,,,,Q4,Q4,
2932,KFYP,BB,198.91,3.74,Q1,Q3,
2933,BNGE,A,12.98,6.3,Q2,Q1,
2934,MKAM,,,,Q4,Q4,
2935,MEDI,,,,Q4,Q4,
2936,CHNA,BBB,129.37,5.14,Q1,Q2,F
2937,BPAY,,,,Q4,Q4,D
2938,DZZ,,,,Q4,Q4,
2939,BBSB,,,,Q4,Q4,
2940,OBOR,BBB,942.44,4.42,Q1,Q4,F
2941,BECO,AA,191.38,7.85,Q4,Q3,D
2942,BBIB,,,,Q4,Q4,
2943,VCAR,A,22.01,6.84,Q4,Q1,F
2944,MTVR,,,,Q4,Q4,
2945,MAYZ,A,4.2,5.72,Q1,Q1,
2946,BLHY,BBB,240.17,4.88,Q1,Q4,D
2947,AAPB,,,,Q4,Q4,
2948,BEDZ,BBB,335.46,4.7,Q1,Q4,
2949,SHNY,,,,Q4,Q4,
2950,AWEG,,,,Q4,Q4,
2951,ETEC,,,,Q4,Q4,
2952,RYSE,,,,Q4,Q4,
2953,EMGD,BBB,339.37,5.37,Q1,Q4,
2954,ESIX,BBB,88.04,5.58,Q1,Q2,
2955,RYLG,,,,Q4,Q4,
2956,EVUS,,,,Q4,Q4,
2957,GCAD,,,,Q4,Q4,
2958,MARZ,A,4.2,5.72,Q1,Q1,
2959,VIRS,A,21.74,7.04,Q4,Q1,
2960,MVPS,A,48.87,6.81,Q3,Q1,
2961,DSOC,,,,Q4,Q4,
2962,BWET,,,,Q4,Q4,
2963,GLIF,AA,532.32,7.26,Q4,Q4,
2964,RAYS,BBB,239.31,5.45,Q1,Q4,
2965,XDAT,A,27.82,6.91,Q4,Q1,D
2966,AFSM,BBB,183.79,5.06,Q1,Q3,D
2967,BNDI,,,,Q4,Q4,
2968,TRFK,,,,Q4,Q4,
2969,SEA,BBB,505.91,5.43,Q1,Q4,
2970,WEIX,,,,Q4,Q4,
2971,FAIL,BBB,133.88,5.56,Q1,Q3,
2972,IBMR,,,,Q4,Q4,
2973,VEMY,,,,Q4,Q4,
2974,STLG,A,98.94,7.02,Q4,Q2,C
2975,DAT,A,7.3,6.5,Q3,Q1,D
2976,TYLG,,,,Q4,Q4,
2977,ILDR,A,23.8,6.51,Q3,Q1,
2978,NSPY,,,,Q4,Q4,
2979,BIGT,,,,Q4,Q4,
2980,YUMY,AA,132.68,7.65,Q4,Q2,
2981,QQJG,A,45.06,6.76,Q3,Q1,
2982,GGLS,,,,Q4,Q4,
2983,SIJ,,,,Q4,Q4,
2984,IRVH,,,,Q4,Q4,D
2985,FEBZ,A,4.2,5.72,Q1,Q1,
2986,USE,,,,Q4,Q4,
2987,UFIV,,,,Q4,Q4,
2988,AVIE,,,,Q4,Q4,C
2989,FDWM,A,103.59,7.07,Q4,Q2,
2990,JETD,,,,Q4,Q4,
2991,TAEQ,BBB,,,Q4,Q4,
2992,BCDF,,,,Q4,Q4,F
2993,JUNZ,A,4.2,5.72,Q1,Q1,
2994,OCTZ,A,4.2,5.72,Q1,Q1,
2995,DULL,,,,Q4,Q4,
2996,FLDZ,A,401.26,5.87,Q2,Q4,
2997,SJIM,,,,Q4,Q4,
2998,EMDM,,,,Q4,Q4,
2999,AIDB,,,,Q4,Q4,
3000,VCLN,AA,662.22,7.38,Q4,Q4,D
3001,IVRA,A,267.79,7.05,Q4,Q4,
3002,GLDX,,,,Q4,Q4,D
3003,ADIV,A,38.29,5.95,Q2,Q1,F
3004,CFCV,A,208.66,6.36,Q2,Q3,
3005,RATE,,,,Q4,Q4,
3006,FSEC,,,,Q4,Q4,
3007,NVMZ,A,,,Q4,Q4,
3008,DGZ,,,,Q4,Q4,
3009,DWAT,AA,146.45,7.17,Q4,Q3,
3010,IWFH,A,13.21,5.95,Q2,Q1,C
3011,CRED,,,,Q4,Q4,
3012,JFWD,BBB,19.55,4.68,Q1,Q1,D
3013,CHIM,B,,2.34,Q1,Q4,D
3014,EDUT,AA,,,Q4,Q4,
3015,RNWZ,,,,Q4,Q4,
3016,SDD,,,,Q4,Q4,
3017,KDIV,,,,Q4,Q4,
3018,IBOT,,,,Q4,Q4,
3019,BYTE,A,80.08,6.78,Q3,Q2,
3020,PSDN,A,153.06,5.72,Q1,Q3,
3021,UTHY,,,,Q4,Q4,
3022,WDNA,A,67.58,5.88,Q2,Q2,
3023,EVNT,A,113.3,5.91,Q2,Q2,
3024,TINY,A,59.99,6.36,Q2,Q1,
3025,BLKC,A,114.87,6.54,Q3,Q2,
3026,PTEC,,,,Q4,Q4,
3027,DSJA,,,,Q4,Q4,
3028,STLV,A,281.39,6.38,Q2,Q4,C
3029,XDJL,,,,Q4,Q4,
3030,KPOP,,,,Q4,Q4,
3031,SCC,,,,Q4,Q4,
3032,ION,,,,Q4,Q4,
3033,CLIA,,,,Q4,Q4,
3034,COPJ,,,,Q4,Q4,
3035,VMAT,,,,Q4,Q4,
3036,HYLG,,,,Q4,Q4,
3037,ESCR,A,98.88,7.01,Q4,Q2,
3038,WCEO,,,,Q4,Q4,D
3039,GGRW,A,12.86,6.48,Q3,Q1,
3040,EWEB,BBB,,,Q4,Q4,F
3041,CARD,,,,Q4,Q4,
3042,FLOW,,,,Q4,Q4,
3043,NVIR,,,,Q4,Q4,
3044,QYLE,,,,Q4,Q4,
3045,EATZ,BBB,63.95,4.65,Q1,Q1,
3046,WGRO,A,70.81,6.41,Q3,Q2,
3047,JANZ,A,4.2,5.72,Q1,Q1,
3048,XTR,A,122.53,6.68,Q3,Q2,F
3049,DUBS,,,,Q4,Q4,
3050,INFR,AA,,,Q4,Q4,D
3051,XYLE,,,,Q4,Q4,
3052,XDNA,A,28.67,6.01,Q2,Q1,
3053,MDCP,A,49.38,6.9,Q4,Q1,C
3054,HYGI,,,,Q4,Q4,
3055,CHRG,,,,Q4,Q4,
3056,ECOZ,AA,14.36,7.3,Q4,Q1,D
3057,JULD,,,,Q4,Q4,
3058,IBTO,,,,Q4,Q4,
3059,QCLR,A,46.91,6.71,Q3,Q1,F
3060,VR,BBB,9.54,5.39,Q1,Q1,
3061,FLUD,A,301.81,6.21,Q2,Q4,C
3062,ENRG,AA,,,Q4,Q4,
3063,SKYU,A,,,Q4,Q4,
3064,AGIH,,,,Q4,Q4,
3065,MEME,BBB,,,Q4,Q4,
3066,FYLG,,,,Q4,Q4,
3067,QSWN,A,1.6,5.72,Q1,Q1,
3068,EFU,,,,Q4,Q4,
3069,PYPT,,,,Q4,Q4,
3070,CRIT,BBB,455.38,5.54,Q1,Q4,
3071,XCLR,A,122.82,6.68,Q3,Q2,F
3072,RVRB,,,,Q4,Q4,
3073,DGIN,A,67.45,5.97,Q2,Q2,
3074,EMMF,BBB,296.31,5.45,Q1,Q4,D
3075,MPAY,,,,Q4,Q4,
3076,EMFQ,A,,,Q4,Q4,
3077,DMDV,AA,397.22,7.31,Q4,Q4,D
3078,FLZA,AA,291.41,7.38,Q4,Q4,C
3079,CAFG,,,,Q4,Q4,
3080,ZSB,,,,Q4,Q4,D
3081,CHIU,BB,,4.1,Q1,Q4,F
3082,TSLH,,,,Q4,Q4,
3083,MZZ,,,,Q4,Q4,
3084,GRNR,AA,54.59,7.28,Q4,Q1,
3085,FIVR,A,381.99,6.29,Q2,Q4,
3086,UCYB,,,,Q4,Q4,
3087,AHOY,,,,Q4,Q4,
3088,CHB,BB,129.55,3.06,Q1,Q2,
3089,RNEW,,,,Q4,Q4,
3090,KMED,BBB,57.86,4.6,Q1,Q1,D
3091,MDEV,A,20.91,6.99,Q4,Q1,
3092,WEED,A,,,Q4,Q4,
3093,KEJI,BBB,130.38,4.97,Q1,Q2,D
3094,SMN,,,,Q4,Q4,
3095,SUPL,AA,204.31,7.28,Q4,Q3,
3096,ZTAX,,,,Q4,Q4,
3097,AVDS,,,,Q4,Q4,
3098,TAAG,A,,,Q4,Q4,
3099,FFLS,,,,Q4,Q4,
3100,UTWY,,,,Q4,Q4,
3101,TGN,,,,Q4,Q4,
3102,RSPY,A,147.95,6.81,Q3,Q3,
3103,DEFI,,,,Q4,Q4,
3104,NTRL,,,,Q4,Q4,
3105,BULD,,,,Q4,Q4,D
3106,NIKL,,,,Q4,Q4,
3107,TINT,A,144.37,6.62,Q3,Q3,
3108,VTRN,A,,,Q4,Q4,
3109,ARVR,A,33.55,6.52,Q3,Q1,
3110,SHLD,A,,,Q4,Q4,
3111,TWEB,,,,Q4,Q4,
3112,XJUL,,,,Q4,Q4,
3113,KGRO,BB,122.28,4.25,Q1,Q2,
3114,UTRE,,,,Q4,Q4,
3115,QTR,A,47.12,6.71,Q3,Q1,F
3116,ZIVB,,,,Q4,Q4,
3117,NIWM,,,,Q4,Q4,
3118,KSET,,,,Q4,Q4,
3119,GRZZ,A,133.89,6.57,Q3,Q3,
3120,BITC,,,,Q4,Q4,
3121,VDNI,A,92.79,6.83,Q4,Q2,
3122,MRAD,A,10.67,5.9,Q2,Q1,D
3123,FLYD,,,,Q4,Q4,
3124,SDP,,,,Q4,Q4,
3125,NZRO,A,118.33,6.95,Q4,Q2,F
3126,KDRN,A,171.8,5.93,Q2,Q3,
3127,LJIM,,,,Q4,Q4,
3128,STGF,,,,Q4,Q4,
3129,SZK,,,,Q4,Q4,
3130,SHPP,,,,Q4,Q4,
3131,RXD,,,,Q4,Q4,
3132,FTIF,,,,Q4,Q4,
3133,BDVG,,,,Q4,Q4,
3134,DIP,,,,Q4,Q4,F
3135,TRPL,A,122.35,6.69,Q3,Q2,
3136,USVN,,,,Q4,Q4,
3137,ERUS,BBB,,4.47,Q1,Q4,D
3138,MAKX,A,91.88,6.41,Q3,Q2,D
3139,AVMA,,,,Q4,Q4,
3140,ZSPY,,,,Q4,Q4,
3141,EKG,A,14.55,6.04,Q2,Q1,
3142,BWEB,,,,Q4,Q4,
3143,LTL,BB,9.74,4.14,Q1,Q1,
3144,ODDS,A,22.32,6.39,Q3,Q1,
3145,LZRD,,,,Q4,Q4,
3146,RESI,BBB,77.46,4.34,Q1,Q2,
3147,INC,,,,Q4,Q4,
3148,KARB,,,,Q4,Q4,D
3149,HOTL,BBB,457.0,5.34,Q1,Q4,
3150,IBET,BBB,88.08,5.59,Q1,Q2,F
3151,MORE,,,,Q4,Q4,
3152,OND,A,8.41,5.83,Q2,Q1,D
3153,KCAL,,,,Q4,Q4,
3154,SANE,,,,Q4,Q4,
3155,DKRB,,,,Q4,Q4,
3156,OAIE,,,,Q4,Q4,F
3157,TUNE,,,,Q4,Q4,
3158,PRVT,,,,Q4,Q4,
3159,SPKX,,,,Q4,Q4,
3160,TEGS,AA,,,Q4,Q4,
3161,TADS,AA,,,Q4,Q4,
3162,AVNV,,,,Q4,Q4,
3163,AVNM,,,,Q4,Q4,
3164,SPKY,,,,Q4,Q4,
3165,FLRU,CCC,,,Q4,Q4,
3166,SROI,,,,Q4,Q4,
3167,CETF,,,,Q4,Q4,
